Name,Year,Group,Status,Birth Date,Birth Place,Gender,Alma Mater,Undergraduate Major,Graduate Major,Military Rank,Military Branch,Space Flights,Space Flight (hr),Space Walks,Space Walks (hr),Missions,Death Date,Death Mission
Joseph M. Acaba,2004,19,Active,5/17/67,"Inglewood, CA",Male,"University Of California, Santa Barbara; University Of Arizona",Geology,Geology,,,2,3307,2,13,"STS-119 (Discovery), ISS-31/32 (Soyuz)",,
Loren W. Acton,,,Retired,3/7/36,"Lewiston, MT",Male,Montana State University; University Of Colorado,Engineering Physics,Solar Physics,,,1,190,0,0,STS 51-F (Challenger),,
James C. Adamson,1984,10,Retired,3/3/46,"Warsaw, NY",Male,US Military Academy; Princeton University,Engineering,Aerospace Engineering,Colonel,US Army (Retired),2,334,0,0,"STS-28 (Columbia), STS-43 (Atlantis)",,
Thomas D. Akers,1987,12,Retired,5/20/51,"St. Louis, MO",Male,University Of Missouri-Rolla,Applied Mathematics,Applied Mathematics,Colonel,US Air Force (Retired),4,814,4,29,"STS-41 (Discovery), STS-49 (Endeavor), STS-61 (Endeavor), STS-79 (Atlantis)",,
Buzz Aldrin,1963,3,Retired,1/20/30,"Montclair, NJ",Male,US Military Academy; Massachusetts Institute Of Technology,Mechanical Engineering,Astronautics,Colonel,US Air Force (Retired),2,289,2,8,"Gemini 12, Apollo 11",,
Andrew M. Allen,1987,12,Retired,8/4/55,"Philadelphia, PA",Male,Villanova University; University Of Florida,Mechanical Engineering,Business Administration,Lieutenant Colonel,US Marine Corps (Retired),3,906,0,0,"STS-46 (Atlantis), STS-62 (Columbia), STS-75 (Columbia)",,
Joseph P. Allen,1967,6,Retired,6/27/37,"Crawsfordsville, IN",Male,DePauw University; Yale University,Mathematics & Physics,Physics,,,2,313,2,12,"ST-5 (Columbia), STS 51-A (Discovery)",,
Scott D. Altman,1995,15,Retired,8/15/59,"Lincoln, IL",Male,University Of Illinois; US Naval Postgraduate School,Aeronautical & Astronautical Engineering,Aeronautical Engineering,Captain,US Navy (Retired),4,1236,0,0,"STS-90 (Columbia), STS-106 (Atlantis), STS-109 (Columbia), STS-125 (Atlantis)",,
William A. Anders,1963,3,Retired,10/17/33,Hong Kong,Male,US Naval Academy; Air Force Institute Of Technology,Nuclear Engineering,Nuclear Engineering,Major General,US Air Force Reserves (Retired),1,147,0,0,Apollo 8,,
Clayton C. Anderson,1998,17,Retired,2/23/59,"Omaha, NE",Male,Hastings College; Iowa State University,Physics,Aerospace Engineering,,,2,4005,6,38,"STS-117/120 (Atlantis/Discovery), STS-131 (Discovery)",,
Michael P. Anderson,1995,15,Deceased,12/25/59,"Plattsburgh, NY",Male,University Of Washington; Creighton University,Physics & Astronomy,Physics,Lieutenant Colonel,US Air Force,2,594,0,0,"STS-89 (Endeavor), STS-107 (Columbia)",2/1/03,STS-107 (Columbia)
Dominic A. Antonelli,2000,18,Active,8/23/67,"Detroit, MI",Male,Massachusetts Institute Of Technology; University Of Washington,Aeronautics & Astronautics,Aeronautics & Astronautics,Commander,US Navy,2,579,0,0,"STS-119 (Discovery), STS-132 (Atlantis)",,
Jerome Apt III ,1985,11,Retired,4/18/49,"Springfield, MA",Male,Harvard University; Massachusetts Institute Of Technology,Physics,Physics,,,4,847,2,11,"STS-37 (Atlantis), STS-47 (Endeavor), STS-59 (Endeavor), STS-79 (Atlantis)",,
Lee J. Archambault,1998,17,Retired,8/25/60,"Oak Park, IL",Male,University Of Illinois-Urbana,Aeronautical & Astronautical Engineering,Aeronautical & Astronautical Engineering,Colonel,US Air Force,2,639,0,0,"STS-117 (Atlantis), STS-119 (Discovery)",,
Neil A. Armstrong,1962,2,Deceased,8/5/30,"Wapakoneta, OH",Male,Purdue University; University Of Southern California,Aeronautical Engineering,Aerospace Engineering,,,2,205,1,2,"Gemini 8, Apollo 11",8/25/12,
Richard R. Arnold II ,2004,19,Active,11/26/63,"Cheverly, MD",Male,Frostburg State University; University Of Maryland,Accounting,Environmental Science,,,1,307,2,12,STS-119 (Discovery),,
Jeffrey S. Ashby,1995,15,Retired,6/1/54,"Dallas, TX",Male,University Of Idaho; University Of Tennessee,Mechanical Engineering,Aviation Systems,Captain,US Navy (Retired),3,655,0,0,"STS-93 (Columbia), STS-100 (Endeavor), STS-112 (Atlantis)",,
Serena M. Aunon,2009,20,Active,4/9/76,"Indianapolis, IN",Female,George Washington University In St. Louis; University Of Texas,Electrical Engineering,Medicine,,,0,0,0,0,,,
James P. Bagian,1980,9,Retired,2/22/52,"Philadelphia, PA",Male,Drexel University; Thomas Jefferson University,Mechanical Engineering,Medicine,,,2,337,0,0,"STS-29 (Discovery), STS-40 (Columbia)",,
Ellen S. Baker,1984,10,Retired,4/27/53,"Fayettesville, NC",Female,State University Of New York-Buffalo; Cornell University; University Of Texas,Geology,Medicine; Public Health,,,3,686,0,0,"STS-34 (Atlantis), STS-50 (Columbia), STS-71 (Atlantis)",,
Michael A. Baker,1985,11,Management,10/27/53,"Memphis, TN",Male,University Of Texas,Aerospace Engineering,,Captain,US Navy (Retired),4,965,0,0,"STS-43 (Atlantis), STS-52 (Columbia), STS-68 (Endeavor), STS-81 (Atlantis)",,
Michael R. Barratt,2000,18,Active,4/16/59,"Vancouver, WA",Male,University Of Washington; Northwestern University; Wright State University,Zoology,Medicine; Aerospace Medicine,,,2,5075,1,5,"ISS-19/20 (Soyuz), STS-133 (Discovery)",,
Daniel T. Barry,1992,14,Retired,12/30/53,"Norwalk, CT",Male,Cornell University; Princeton University; University Of Miami,Electrical Engineering,Electrical Engineering; Computer Science; Medicine,,,3,733,4,26,"STS-72 (Endeavor), STS-96 (Discovery), STS-105 (Discovery)",,
John-David F. Bartoe,,,Retired,11/17/44,"Abington, PA",Male,Lehigh University; Georgetown University,Physics,Physics,,,1,190,0,0,STS 51-F (Challenger),,
Charles A. Bassett II ,1963,3,Deceased,12/30/31,"Dayton, OH",Male,Texas Technological College,Electrical Engineering,,Captain,US Air Force,0,0,0,0,,2/28/66,
Alan L. Bean,1963,3,Retired,3/15/32,"Wheeler, TX",Male,University Of Texas,Aeronautical Engineering,,Captain,US Navy (Retired),2,1671,3,10,"Apollo 12, Skylab 3",,
Robert L. Behnken,2000,18,Active,7/28/70,"Creve Couer, MO",Male,Washington University In St. Louis; California Institute Of Technology,Physics & Mechanical Engineering,Mechanical Engineering,Colonel,US Air Force,2,708,6,37,"STS-123 (Endeavor), STS-130 (Endeavor)",,
John E. Blaha,1980,9,Retired,8/26/42,"San Antonio, TX",Male,US Air Force Academy; Purdue University,Engineering Science,Astronautical Engineering,Colonel,US Air Force (Retired),5,3861,0,0,"STS-29 (Discovery), STS-33 (Discovery), STS-43 (Atlantis), STS-58 (Columbia), STS-79/81 (Atlantis/Atlantis)",,
Michael J. Bloomfield,1995,15,Retired,3/16/59,"Flint, MI",Male,US Air Force Academy; Old Dominion University,Engineering Mechanics,Engineering Management,Colonel,US Air Force (Retired),3,779,0,0,"STS-86 (Atlantis), STS-97 (Endeavor), STS-110 (Atlantis)",,
Guion S. Bluford Jr. ,1978,8,Retired,11/22/42,"Philadelphia, PA",Male,Pennsylvania State University; Air Force Institute Of Technology; University Of Houston-Clear Lake,Aerospace Engineering,Aerospace Engineering; Business Administration,Colonel,US Air Force (Retired),4,689,0,0,"STS-8 (Challenger), STS 61-A (Challenger), STS-39 (Discovery), STS-53 (Discovery)",,
Karol J. Bobko,1969,7,Retired,12/23/37,"New York, NY",Male,US Air Force Academy; University Of Southern California,,Aerospace Engineering,Colonel,US Air Force (Retired),3,386,0,0,"STS-6 (Challenger), STS 51-D (Discovery), STS-51-J (Atlantis)",,
Eric A. Boe,2000,18,Active,10/1/64,"Miami, FL",Male,US Air Force Academy; Georgia Institute Of Technology,Aeronautical Engineering,Electrical Engineering,Colonel,US Air Force,2,687,0,0,"STS-126 (Endeavor), STS-133 (Discovery)",,
Charles F. Bolden Jr. ,1980,9,Management,8/19/46,"Columbia, SC",Male,US Naval Academy; University Of Southern California,Electrical Science,Systems Management,Major General,US Marine Corps (Retired),4,680,0,0,"STS-61C (Columbia), STS-31 (Discovery), STS-45 (Atlantis), STS-60 (Discovery)",,
Frank Borman,1962,2,Retired,3/14/28,"Gary, IN",Male,US Military Academy; California Institute Of Technology,,Aeronautical Engineering,Colonel,US Air Force (Retired),2,477,0,0,"Gemini 7, Apollo 8",,
Stephen G. Bowen,2000,18,Active,2/13/64,"Cohasset, MA",Male,US Naval Academy; Massachusetts Institute Of Technology,Electrical Engineering,Ocean Engineering,Captain,US Navy,3,970,7,47,"STS-126 (Endeavor), STS-132 (Atlantis), STS-133 (Discovery)",,
Kenneth D. Bowersox,1987,12,Retired,11/14/56,"Portsmouth, VA",Male,US Naval Academy; Columbia University,Aerospace Engineering,Mechanical Engineering,Captain,US Navy (Retired),5,5078,2,13,"STS-50 (Columbia), STS-61 (Endeavor), STS-73 (Columbia), STS-82 (Discovery), STS-113 (Endeavor/Soyuz)",,
Charles E. Brady Jr. ,1992,14,Deceased,8/12/51,"Pinehurst, NC",Male,University Of North Carolina at Chapel Hill; Duke University,,Medicine,Captain,US Navy,1,405,0,0,STS-78 (Columbia),7/23/06,
Vance D. Brand,1966,5,Retired,5/9/31,"Longmont, CA",Male,University Of Colorado; University Of California Los Angeles,Business Management; Aeronautical Engineering,Business Administration,,US Marine Corps Reserves,4,752,0,0,"Apollo-Soyuz Test Project, STS-5 (Columbia), STS 41-B (Challenger), STS-35 (Columbia)",,
Daniel C. Brandenstein,1978,8,Retired,1/17/43,"Watertown, WI",Male,University Of Wisconsin,Mathematics & Physics,,Captain,US Navy (Retired),4,789,0,0,"STS-8 (Challenger), STS 51-G (Discovery), STS-32 (Columbia), STS-49 (Endeavor)",,
Randolph J. Bresnik,2004,19,Active,9/11/67,"Fort Knox, KY",Male,The Citadel; University Of Tennessee-Knoxville,Mathematics,Aviation Systems,Colonel,US Marine Corps,1,259,2,12,STS-129 (Atlantis),,
Roy D. Bridges Jr. ,1980,9,Retired,7/19/43,"Atlanta, GA",Male,US Air Force Academy; Purdue University,Engineering Science,Astronautics,Major General,US Air Force (Retired),1,190,0,0,STS 51-F (Challenger),,
Curtis L. Brown Jr. ,1987,12,Retired,3/11/56,"Elizabethtown, NC",Male,US Air Force Academy,Electrical Engineering,,Colonel,US Air Force (Retired),6,1383,0,0,"STS-47 (Endeavor), STS-66 (Atlantis), STS-77 (Endeavor), STS-85 (Discovery), STS-95 (Discovery), STS-103 (Discovery)",,
David M. Brown,1996,16,Deceased,4/16/56,"Arlington, VA",Male,College Of William & Mary; Eastern Virginia Medical School,Biology,Medicine,Captain,US Navy,1,382,0,0,STS-107 (Columbia),2/1/03,STS-107 (Columbia)
Mark N. Brown,1984,10,Retired,11/18/51,"Valparaiso, IN",Male,Purdue University; Air Force Institute Of Technology,Aeronautical & Astronautical Engineering,Astronautical Engineering,Colonel,US Air Force (Retired),2,249,0,0,"STS 28 (Columbia), STS-48 (Discovery)",,
James F. Buchli,1978,8,Retired,6/20/45,"New Rockford, ND",Male,US Naval Academy; University Of West Florida,Aeronautical Engineering,Aeronautical Engineering Systems,Colonel,US Marine Corps (Retired),4,490,0,0,"STS 51-C (Discovery), STS 61-A (Challenger), STS-29 (Discovery), STS-48 (Discovery",,
Jay Clark Buckey,,,Retired,6/6/56,"New York, NY",Male,Cornell University,Electrical Engineering,Medicine,,,1,381,0,0,STS-90 (Columbia),,
John S. Bull,1966,5,Deceased,9/25/34,"Memphis, TN",Male,Rice University; Stanford University,Mechanical Engineering,Aeronautical Engineering,,,0,0,0,0,,8/11/08,
Daniel C. Burbank,1996,16,Active,7/27/61,"Machester, CT",Male,US Coast Guard Academy; Embry-Riddle Aeronautical University,Electrical Engineering,Aeronautical Science,Captain,US Coast Guard (Retired),3,4512,1,7,"STS-106 (Atlantis), STS-115 (Atlantis), ISS-29/30 (Soyuz)",,
Daniel W. Bursch,1990,13,Retired,7/25/57,"Bristol, PA",Male,US Naval Academy; US Naval Postgraduate School,Physics,Engineering Science,Captain,US Navy (Retired),4,5446,2,12,"STS-51 (Discovery), STS-68 (Endeavor), STS-77 (Endeavor), STS-108/111 (Endeavor)",,
Robert D. Cabana,1985,11,Management,1/23/49,"Minneapolis, MN",Male,US Naval Academy,Mathematics,,Colonel,US Marine Corps (Retired),4,910,0,0,"STS-41 (Discovery), STS-53 (Discovery), STS-65 (Columbia), STS-88 (Endeavor)",,
Yvonne D. Cagle,1996,16,Management,4/24/59,"West Point, NY",Female,San Francisco State University,Biochemistry,,Colonel,US Air Force,0,0,0,0,,,
Fernando Caldeiro,1996,16,Deceased,6/12/58,"Buenos Aires, Argentina",Male,University Of Arizona; University Of Central Florida,Mechanical Engineering,Engineering Management,,,0,0,0,0,,10/3/09,
Tracy E. Caldwell (Dyson),1998,17,Active,8/14/69,"Arcadia, CA",Female,California State University-Fullerton; University Of California-Davis,Chemistry,Physical Chemistry,,,2,4531,3,23,"STS-118 (Endeavor), ISS-23/24 (Soyuz)",,
Charles J. Camarda,1996,16,Management,5/8/52,"Queens, NY",Male,Polytechnic Institute Of Brooklyn; George Washington University In St. Louis; Virginia Polytechnic Institute,Aerospace Engineering,Engineering Science; Aerospace Engineering,,,1,333,0,0,STS-114 (Discovery),,
Kenneth D. Cameron,1984,10,Retired,11/29/49,"Cleveland, OH",Male,Massachusetts Institute Of Technology; Michigan State University,Aeronautics & Astronautics,Aeronautics & Astronautics; Business Administration,Colonel,US Marine Corps (Retired),3,562,0,0,"STS-37 (Atlantis), STS-56 (Discovery), STS-74 (Atlantis)",,
Duane G. Carey,1996,16,Retired,4/30/57,"St. Paul, MN",Male,University Of Minnesota-Minneapolis,Aerospace Engineering & Mechanics,Aerospace Engineering,Lieutenant Colonel,US Air Force (Retired),1,262,0,0,STS-109 (Columbia),,
M. Scott Carpenter,1959,1,Retired,5/1/25,"Boulder, CO",Male,University Of Colorado,Aeronautical Engineering,,Commander,US Navy (Retired),1,4,0,0,Mercury 7,,
Gerald P. Carr,1966,5,Retired,8/22/32,"Denver, CO",Male,University Of Southern California; US Naval Postgraduate School; Princeton University,Mechanical Engineering,Aeronautical Engineering,Colonel,US Marine Corps (Retired),1,2017,3,16,Skylab 4,,
Manley Lanier Carter Jr. ,1984,10,Deceased,8/15/47,"Macon, GA",Male,Emory University,Chemistry,Medicine,Captain,US Navy,1,120,0,0,STS-33 (Discovery),4/5/91,
John H. Casper,1984,10,Management,7/9/43,"Greenville, SC",Male,US Air Force Academy; Purdue University,Engineering Science,Astronautics,Colonel,US Air Force (Retired),4,825,0,0,"STS-36 (Atlantis), STS-54 (Endeavor), STS-62 (Columbia), STS-77 (Endeavor)",,
Christopher J. Cassidy,2004,19,Active,1/4/70,"Salem, MA",Male,US Naval Academy; Massachusetts Institute Of Technology,Mathematics,Ocean Engineering,Commander,US Navy,1,4376,6,31,STS-127 (Endeavor); ISS-35/36 (Soyuz),,
Robert Cenker,,,Retired,11/5/48,"Uniontown, PA",Male,Pennsylvania State University; Rutgers University,Aerospace Engineering,Aerospace Engineering; Electrical Engineering,,,1,146,0,0,STS 61-C (Columbia),,
Eugene A. Cernan,1963,3,Retired,3/14/34,"Chicago, IL",Male,Purdue University; US Naval Postgraduate School,Electrical Engineering,Aeronautical Engineering,Captain,US Navy (Retired),3,566,4,24,"Gemini 9, Apollo 10, Apollo 17",,
Roger B. Chaffee,1963,3,Deceased,2/15/35,"Grand Rapids, MI",Male,Purdue University,Aeronautical Engineering,,Lieutenant Commander,US Navy,1,0,0,0,Apollo 1,1/27/67,Apollo 1
Gregory E. ChaMassachusetts Institute Of TechnologyOff,1998,17,Active,8/6/62,"Montreal, Canada",Male,California Polytechnic State University; California Institute Of Technology; Massachusetts Institute Of Technology,Electrical Engineering,Aeronautical Engineering; Aeronautics & Astronautics,,,2,4770,2,13,"STS-124/126 (Discovery/Endeavor), STS-134 (Endeavor)",,
Franklin R. Chang-Diaz,1980,9,Retired,4/5/50,"San Jose, Costa Rica",Male,University Of Connecticut; Massachusetts Institute Of Technology,Mechanical Engineering,Applied Plasma Physics,,,7,1602,3,19,"STS 61-C (Columbia), STS-34 (Atlantis), STS-46 (Atlantis), STS-60 (Discovery), STS-75 (Columbia), STS-91 (Discovery), STS-111 (Endeavor)",,
Philip K. Chapman,1967,6,Retired,3/5/35,"Melbourne, Australia",Male,University Of Sydney; Massachusetts Institute Of Technology,Physics & Mathematics,Aeronautics & Astronautics; Instrumentation,,,0,0,0,0,,,
Kalpana Chawla,1995,15,Deceased,6/1/61,"Karnal, India",Female,Punjab Engineering College; University Of Texas-Arlington; University Of Colorado,Aeronautical Engineering,Aerospace Engineering,,,2,734,0,0,"STS-87 (Columbia), STS-107 (Columbia)",2/1/03,STS-107 (Columbia)
Leroy Chiao,1990,13,Retired,8/28/60,"Milwaukee, WI",Male,"University Of California-Berkeley; University Of California, Santa Barbara",Chemical Engineering,Chemical Engineering,,,4,5503,6,36,"STS-65 (Columbia), STS-72 (Endeavor), STS-92 (Discovery), ISS-10 (Soyuz)",,
Kevin P. Chilton,1987,12,Retired,3/11/54,"Los Angeles, CA",Male,US Air Force Academy; Columbia University,Engineering Science,Mechanical Engineering,Brigadier General,US Air Force (Retired),3,700,0,0,"STS-49 (Endeavor), STS-59 (Endeavor), STS-76 (Atlantis)",,
Laurel B. Clark,1996,16,Deceased,3/10/61,"Ames, IA",Female,University Of Wisconsin-Madison,Zoology,Medicine,Captain,US Navy,1,382,0,0,STS-107 (Columbia),2/1/03,STS-107 (Columbia)
Mary L. Cleave,1980,9,Retired,2/5/47,"Southampton, NY",Female,Colorado State University; Utah State University,Biological Science,Microbial Ecology; Environmental Engineering,,,2,262,0,0,"STS 61-B (Atlantis), STS-30 (Atlantis)",,
Michael R. Clifford,1990,13,Retired,10/13/52,"San Bernardino, CA",Male,US Military Academy; Georgia Institute Of Technology,,Aerospace Engineering,Lieutenant Colonel,US Army (Retired),3,666,1,6,"STS-53 (Discovery), STS-59 (Endeavor), STS-76 (Atlantis)",,
Michael L. Coats,1978,8,Retired,1/16/46,"Sacramento, CA",Male,US Naval Academy; George Washington University In St. Louis; US Naval Postgraduate School,,Science & Technology Administration; Aeronautical Engineering,Captain,US Navy (Retired),3,463,0,0,"STS 41-D (Discovery), STS-29 (Discovery), STS-39 (Discovery)",,
Kenneth D. Cockrell,1990,13,Management,4/9/50,"Austin, TX",Male,University Of Texas; University Of West Florida,Mechanical Engineering,Aeronautical Systems,,US Naval Reserves,5,1548,0,0,"STS-56 (Discovery), STS-69 (Endeavor), STS-80 (Columbia), STS-98 (Atlantis), STS-111 (Endeavor)",,
Catherine G. Coleman,1992,14,Active,12/14/60,"Charleston, SC",Female,Massachusetts Institute Of Technology; University Of Massachusetts,Chemistry,Polymer Science & Engineering,Colonel,US Air Force (Retired),3,4324,0,0,"STS-73 (Columbia), STS-93 (Columbia), ISS-26/27 (Soyuz)",,
Eileen M. Collins,1990,13,Retired,11/19/59,"Elmira, NY",Female,Syracuse University; Stanford University; Webster University,Mathematics & Economics,Operations Research; Space Systems Management,Colonel,US Air Force (Retired),4,890,0,0,"STS-63 (Discovery), STS-84 (Atlantis), STS-114 (Columbia), STS-93 (Discovery)",,
Michael Collins,1963,3,Retired,10/31/30,"Rome, Italy",Male,US Military Academy,,,,US Air Force Reserves,2,266,1,1,"Gemini 10, Apollo 11",,
Charles Conrad Jr. ,1962,2,Deceased,5/2/30,"Philadelphia, PA",Male,Princeton University,Aeronautical Engineering,,Captain,US Navy (Retired),4,1179,4,12,"Gemini 5, Gemini 11, Apollo 12, Skylab 2",7/8/99,
L. Gordon Cooper Jr. ,1959,1,Deceased,3/6/27,"Shawnee, OK",Male,Air Force Institute Of Technology,Aeronautical Engineering,,Colonel,US Air Force (Retired),2,225,0,0,"Mercury 9, Gemini 5",10/4/04,
Richard O. Covey,1978,8,Retired,8/1/46,"Fayetteville, AR",Male,US Air Force Academy; Purdue University,Engineering Science,Aeronautics & Astronautics,Colonel,US Air Force (Retired),4,645,0,0,"STS 51-l (Discovery), STS-26 (Discovery), STS-38 (Atlantis), STS-61 (Endeavor)",,
Timothy J. Creamer,1998,17,Management,11/15/59,"Ft. Huachuca, AZ",Male,Loyola College; Massachusetts Institute Of Technology,Chemistry,Physics,Colonel,US Army (Retired),1,3917,0,0,ISS-22/23 (Soyuz),,
John O. Creighton,1978,8,Retired,4/28/43,"Orange, TX",Male,US Naval Academy; George Washington University In St. Louis,,Science & Technology Administration,Captain,US Navy (Retired),3,404,0,0,"STS 51-G (Discovery), STS-36 (Atlantis), STS-48 (Discovery)",,
Robert L. Crippen,1969,7,Retired,9/11/37,"Beaumont, TX",Male,University Of Texas,Aerospace Engineering,,Captain,US Navy (Retired),4,565,0,0,"STS-1 (Columbia), STS-7 (Challenger), STS 41-C (Challenger), STS 41-G (Challenger)",,
Roger K. Crouch,,,Retired,9/12/40,"Jamestown, TN",Male,Tennessee Polytechnic Institute; Virginia Polytechnic Institute,Physics,Physics,,,1,471,0,0,"STS-83 (Columbia), STS-94 (Columbia)",,
Frank L. Culbertson Jr. ,1984,10,Retired,5/15/49,"Charleston, SC",Male,US Naval Academy,Aerospace Engineering,,Captain,US Navy (Retired),3,3446,1,5,"STS-38 (Atlantis), STS-51 (Discovery), STS-105/108 (Discovery/Endeavor)",,
Walter Cunningham,1963,3,Retired,3/16/32,"Creston, IA",Male,University Of California-Los Angeles,Physics,Physics,Colonel,US Marine Corps Reserves,1,260,0,0,Apollo 7,,
Robert L. Curbeam Jr. ,1995,15,Retired,3/5/62,"Baltimore, MD",Male,US Naval Academy; US Naval Postgraduate School,Aerospace Engineering,Aerospace Engineering; Aeronautical & Astronautical Engineering,Captain,US Navy (Retired),3,902,7,45,"STS-85 (Discovery), STS-98 (Atlantis), STS-116 (Discovery)",,
Nancy J. Currie,1990,13,Management,12/29/58,"Wilmington, DE",Female,Ohio State University; University Of Southern California; University Of Houston,Biological Science,Safety Engineering; Industrial Engineering,Colonel,US Army (Retired),4,999,0,0,"STS-57 (Endeavor), STS-70 (Discovery), STS-88 (Endeavor), STS-109 (Columbia)",,
N. Jan Davis,1987,12,Retired,11/1/53,"Cocoa Beach, FL",Female,Georgia Institute Of Technology; Auburn University; University Of Alabama-Huntsville,Applied Biology; Mechanical Engineering,Mechanical Engineering,,,3,673,0,0,"STS-47 (Endeavor), STS-60 (Discovery), STS-85 (Discovery)",,
Lawrence J. Delucas,,,Retired,7/11/50,"Syracuse, NY",Male,University Of Alabama at Birmingham,Chemistry; Physiological Optics,Chemistry; Biochemistry; Optometry,,,1,331,0,0,STS-50 (Columbia),,
Alvin B. Drew Jr. ,2000,18,Active,11/5/62,"Washington, DC",Male,US Air Force Academy; Embry-Riddle Aeronautical University,Physics & Astronautical Engineering,Aerospace Science; Political Science,Colonel,US Air Force,2,613,2,13,"STS-118 (Endeavor), STS-133 (Discovery)",,
Brian Duffy,1985,11,Retired,6/20/53,"Boston, MA",Male,US Air Force Academy; University Of Southern California,Mathematics,Systems Management,Colonel,US Air Force (Retired),4,977,0,0,"STS-45 (Atlantis), STS-57 (Endeavor), STS-72 (Endeavor), STS-92 (Discovery)",,
Charles M. Duke Jr. ,1966,5,Retired,10/3/35,"Charlotte, NC",Male,US Naval Academy; Massachusetts Institute Of Technology,Naval Sciences,Aeronautics,Brigadier General,US Air Force (Retired),1,265,3,20,Apollo 16,,
Bonnie J. Dunbar,1980,9,Retired,3/3/49,"Sunnyside, WA",Female,University Of Washington; University Of Houston,Ceramic Engineering,Ceramic Engineering; Biomedical Engineering,,,5,1207,0,0,"STS 61-A (Challenger), STS-32 (Columbia), STS-50 (Columbia), STS-71 (Atlantis), STS-89 (Endeavor)",,
Samuel T. Durrance,,,Retired,9/17/43,"Tallahassee, FL",Male,California State University; University Of Colorado,Physics,Physics; Astrogeophysics,,,2,614,0,0,"STS-35 (Columbia), STS-67 (Endeavor)",,
James P. Dutton Jr. ,2004,19,Management,11/20/68,"Eugene, OR",Male,US Air Force Academy; University Of Washington,Astronautical Engineering,Aeronautics & Astronautics,Colonel,US Air Force,1,362,0,0,STS-131 (Discovery),,
Joe F. Edwards Jr. ,1995,15,Retired,2/3/58,"Richmond, VA",Male,US Naval Academy; University Of Tennessee-Knoxville,Aerospace Engineering,Aviation Systems,Commander,US Navy (Retired),1,211,0,0,STS-89 (Endeavor),,
Donn F. Eisele,1963,3,Deceased,5/23/30,"Columbus, OH",Male,US Naval Academy; US Air Force Institute Of Technology,Astronautics,Astronautics,Colonel,US Air Force (Retired),1,260,0,0,Apollo 7,12/2/87,
Anthony W. England,1967,6,Retired,5/15/42,"Indianapolis, IN",Male,Massachusetts Institute Of Technology,Geology,Geology; Geophysics,,,1,190,0,0,STS 51-F (Challenger),,
Joe H. Engle,1966,5,Retired,8/26/32,"Dickinson, KS",Male,University Of Kansas,Aeronautical Engineering,,Major General,US Air Force (Retired),2,224,0,0,"STS-2 (Columbia), STS 51-I (Discovery)",,
Jeanette J. Epps,2009,20,Active,11/3/70,"Syracuse, NY",Female,LeMoyne College; University Of Maryland,Physics,Aerospace Engineering,,,0,0,0,0,,,
Ronald E. Evans Jr. ,1966,5,Deceased,11/10/33,"St. Francis, KS",Male,University Of Kansas; US Naval Postgraduate School,Electrical Engineering,Aeronautical Engineering,Captain,US Navy (Retired),1,301,1,1,Apollo 17,4/6/90,
John M. Fabian,1978,8,Retired,1/28/39,"Goosecreek, TX",Male,Washington State University; US Air Force Institute Of Technology; University Of Washington,Mechanical Engineering,Aerospace Engineering; Aeronautics & Astronautics,Colonel,US Air Force (Retired),2,316,0,0,"STS-7 (Challenger), STS 51-G (Discovery)",,
Christopher J. Ferguson,1998,17,Retired,9/1/61,"Philadelphia, PA",Male,Drexel University; US Naval Postgraduate School,Mechanical Engineering,Aeronautical Engineering,Captain,US Navy (Retired),3,970,0,0,"STS-115 (Atlantis), STS-126 (Endeavor), STS-135 (Atlantis)",,
Martin J. Fettman,,,Retired,12/31/56,"Brooklyn, NY",Male,Cornell University; Colorado State University,Animal Nutrition,Physiology,,,1,336,0,0,STS-58 (Columbia),,
Andrew J. Feustel,2000,18,Active,8/25/65,"Lancaster, PA",Male,Purdue University; Queen‚Äôs University-Canada,Solid Earth Sciences,Geophysics; Seismology,,,2,687,6,42,"STS-125 (Atlantis), STS-134 (Endeavor)",,
E. Michael Fincke,1996,16,Active,3/14/67,"Pittsburgh, PA",Male,Massachusetts Institute Of Technology; Stanford University; University Of Houston-Clear Lake,"Aeronautics & Astronautics; Earth, Atmospheric & Planetary Sciences",Aeronautics & Astronautics; Physical Sciences,Colonel,US Air Force,3,9159,9,48,"ISS-09 (Soyuz), ISS-18 (Soyuz), STS-134 (Endeavor)",,
Jack D. Fischer,2009,20,Active,1/23/74,"Louisville, CO",Male,US Air Force Academy; Massachusetts Institute Of Technology,Astronautical Engineering,Aeronautics & Astronautics,,,0,0,0,0,,,
Anna L. Fisher,1978,8,Management,8/24/49,"New York, NY",Female,University Of California-Los Angeles,Chemistry,Chemistry; Medicine,,,1,191,0,0,STS 51-A (Discovery),,
William F. Fisher,1980,9,Retired,4/1/46,"Dallas, TX",Male,Stanford University; University Of Houston; University Of Florida,,Engineering; Medicine,,,1,170,2,12,STS 51-I (Discovery),,
C. Michael Foale,1987,12,Active,1/6/57,"Louth, England",Male,Cambridge University,Physics,Laboratory Astrophysics,,,6,8970,4,22,"STS-45 (Atlantis), STS-56 (Discovery), STS-63 (Discovery), STS-84/86 (Atlantis), STS-103 (Discovery), ISS-08 (Soyuz)",,
Kevin A. Ford,2000,18,Active,7/7/60,"Portland, IN",Male,University Of Notre Dame; Troy State University; University Of Florida; Air Force Institute Of Technology,Aerospace Engineering,International Relations; Aerospace Engineering; Astronautical Engineering,Colonel,US Air Force (Retired),2,3781,0,0,"STS-128 (Discovery), ISS-33/34 (Soyuz)",,
Michael J. Foreman,1998,17,Management,3/29/57,"Columbus, OH",Male,US Naval Academy; US Naval Postgraduate School,Aerospace Engineering,Aeronautical Engineering,Captain,US Navy (Retired),2,637,5,32,"STS-123 (Endeavor), STS-129 (Atlantis)",,
Patrick G. Forrester,1996,16,Management,3/31/57,"El Paso, TX",Male,US Military Academy; University Of Virginia,Applied Science & Engineering,Mechanical & Aerospace Engineering,Colonel,US Army (Retired),3,950,4,25,"STS-105 (Discovery), STS-117 (Atlantis), STS-128 (Discovery)",,
Michael E. Fossum,1998,17,Active,12/19/57,"Sioux Falls, SD",Male,Texas A&M University; Air Force Institute Of Technology; University Of Houston-Clear Lake,Mechanical Engineering,Systems Engineering; Physical Science (Space Science),,US Air Force Reserves (Retired),3,4651,7,48,"STS-121 (Discovery), STS-124 (Discovery), ISS-28/29 (Soyuz)",,
Theodore C. Freeman,1963,3,Deceased,2/18/30,"Haversford, PA",Male,US Naval Academy; University Of Michigan,,Aeronautical Engineering,Captain,US Air Force,0,0,0,0,,10/31/64,
Stephen N. Frick,1996,16,Management,9/30/61,"Pittsburgh, PA",Male,US Naval Academy; US Naval Postgraduate School,Aerospace Engineering,Aeronautical Engineering,Captain,US Navy (Retired),2,566,0,0,"STS-110 (Atlantis), STS-122 (Atlantis)",,
C. Gordon Fullerton,1969,7,Retired,10/11/36,"Rochester, NY",Male,California Institute Of Technology,Mechanical Engineering,Mechanical Engineering,Colonel,US Air Force (Retired),2,382,0,0,"STS-3 (Columbia), STS 51-F (Challenger)",,
F. Andrew Gaffney,,,Retired,6/9/46,"Carlsbad, NM",Male,University Of California-Berkeley; University Of New Mexico,Psychology,Medicine,,,1,218,0,0,STS-40 (Columbia),,
Ronald J. Garan Jr. ,2000,18,Management,10/20/61,"Yonkers, NY",Male,State University Of New York; Embry-Riddle Aeronautical University; University Of Florida,Business Economics,Aeronautics; Aerospace Engineering,Colonel,US Air Force (Retired),2,4271,4,27,"STS-124 (Discovery), ISS-27/28 (Soyuz)",,
Dale A. Gardner,1978,8,Retired,11/8/48,"Fairmont, MN",Male,University Of Illinois,Engineering Physics,,Captain,US Navy (Retired),2,336,2,12,"STS-8 (Challenger), STS 51-A (Discovery)",,
Guy S. Gardner,1980,9,Retired,1/6/48,"Alta Vista, VA",Male,US Air Force Academy; Purdue University,Engineering Sciences; Astronautics & Mathematics,Astronautics,Colonel,US Air Force (Retired),2,320,0,0,"STS-27 (Atlantis), STS-35 (Columbia)",,
Jake Garn,,,Retired,10/12/32,Richfield. UT,Male,University Of Utah,Business Finance,,,,1,167,0,0,STS 51-D (Discovery),,
Owen K. Garriott,1965,4,Retired,11/22/30,"Enid, OK",Male,University Of Oklahoma; Stanford University,Electrical Engineering,Electrical Engineering,,,2,1674,3,14,"Skylab 3, STS-9 (Columbia)",,
Charles D. Gemar,1985,11,Retired,8/4/55,"Yanktown, SD",Male,US Military Academy,Engineering,,Lieutenant Colonel,US Army,3,581,0,0,"STS-38 (Atlantis), STS-48 (Discovery), STS-62 (Columbia)",,
Michael L. Gernhardt,1992,14,Management,5/4/56,"Mansfield, OH",Male,Vanderbilt University; University Of Pennsylvania,Physics,Bioengineering,,,4,1039,4,23,"STS-69 (Endeavor), STS-83 (Columbia), STS-94 (Columbia), STS-104 (Atlantis)",,
Edward G. Gibson,1965,4,Retired,11/8/36,"Buffalo, NY",Male,University Of Rochester; California Institute Of Technology,Engineering,Engineering,,,1,2017,3,15,Skylab 4,,
Robert L. Gibson,1978,8,Retired,10/30/46,"Cooperstown, NY",Male,California Polytechnic Institute,Aeronautical Engineering,,Captain,US Navy (Retired),5,868,0,0,"STS 41-B (Challenger), STS 61-C (Columbia), STS-27 (Atlantis), STS-47 (Endeavor), STS-71 (Atlantis)",,
Edward G. Givens Jr. ,1966,5,Deceased,1/5/30,"Quanah, TX",Male,US Naval Academy,Naval Sciences,,Major,US Air Force,0,0,0,0,,6/6/67,
John H. Glenn Jr. ,1959,1,Retired,7/18/21,"Cambridge, OH",Male,Muskingum College,Engineering,,Colonel,US Marine Corps (Retired),2,218,0,0,"Mercury 6, STS-95 (Discovery)",,
Linda M. Godwin,1985,11,Retired,7/2/52,"Cape Girardeau, MO",Female,Southeast Missouri State; University Of Missouri,Mathematics & Physics,Physics,,,4,918,2,10,"STS-37 (Atlantis), STS-59 (Endeavor), STS-76 (Atlantis), STS-108 (Endeavor)",,
Michael T. Good,2000,18,Management,10/13/62,"Parma, OH",Male,University Of Notre Dame,Aerospace Engineering,Aerospace Engineering,Colonel,US Air Force (Retired),2,592,4,30,"STS-125 (Atlantis), STS-132 (Atlantis)",,
Richard F. Gordon Jr. ,1963,3,Retired,10/5/29,"Seattle, WA",Male,University Of Washington,Chemistry,,Captain,US Navy (Retired),2,315,1,0.5,"Gemini 11, Apollo 12",,
Dominic L. Gorie,1995,15,Retired,5/2/57,"Lake Charles, LA",Male,US Naval Academy; University Of Tennessee,Ocean Engineering,Aviation Systems,Captain,US Navy (Retired),4,1167,0,0,"STS-91 (Discovery), STS-99 (Endeavor), STS-123 (Endeavor), STS-108 (Endeavor)",,
Ronald J. Grabe,1980,9,Retired,6/13/45,"New York, NY",Male,US Air Force Academy,Engineering Science,,Colonel,US Air Force (Retired),4,627,0,0,"STS 51-J (Atlantis), STS-30 (Atlantis), STS-42 (Discovery), STS-57 (Endeavor)",,
Duane E. Graveline,1965,4,Retired,3/2/31,"Newport, VT",Male,University Of Vermont; Johns Hopkins University,,Public Health; Medicine,,,0,0,0,0,,,
Frederick D. Gregory,1978,8,Retired,1/7/41,"Washington, DC",Male,US Air Force Academy; George Washington University In St. Louis,,Information Systems,Colonel,US Air Force (Retired),3,455,0,0,"STS 51-B (Challenger), STS-33 (Discovery), STS-44 (Atlantis)",,
William G. Gregory,1990,13,Retired,5/14/57,"Lockport, NY",Male,US Air Force Academy; Columbia University; Troy State University,Engineering Science,Engineering Mechanics; Business Management,Lieutenant Colonel,US Air Force,1,399,0,0,STS-67 (Endeavor),,
S. David Griggs,1978,8,Deceased,9/7/39,"Portland, OR",Male,US Naval Academy; George Washington University In St. Louis,,Business Administration,,,1,167,1,3,STS 51-D (Discovery),6/17/89,
Virgil I. Grissom,1959,1,Deceased,4/3/26,"Massachusetts Institute Of Technologychell, IN",Male,Purdue University,Mechanical Engineering,,Lieutenant Colonel,US Air Force,2,5,0,0,"Mercury 4, Gemini 3, Apollo 1",1/27/67,Apollo 1
John M. Grunsfeld,1992,14,Management,10/10/58,"Chicago, IL",Male,Massachusetts Institute Of Technology; University Of Chicago,Physics,Physics,,,5,1407,8,58,"STS-67 (Endeavor), STS-81 (Atlantis), STS-103 (Discovery), STS-125 (Atlantis), STS-109 (Columbia)",,
Sidney M. Gutierrez,1984,10,Retired,6/27/51,"Albuquerque, NM",Male,US Air Force Academy; Webster College,Aeronautical Engineering,Business Management,Colonel,US Air Force (Retired),2,488,0,0,"STS-40 (Columbia), STS-59 (Endeavor)",,
Fred W. Haise Jr. ,1966,5,Retired,11/14/33,"Biloxi, MS",Male,University Of Oklahoma,Aeronautical Engineering,,,,1,142,0,0,Apollo 13 ,,
James D. Halsell Jr. ,1990,13,Retired,9/29/56,"Monroe, LA",Male,US Air Force Academy; Troy State University; US Air Force Institute Of Technology,Engineering,Business Management; Space Operations,Colonel,US Air Force (Retired),5,1258,0,0,"STS-65 (Columbia), STS-74 (Atlantis), STS-83 (Columbia), STS-94 (Columbia), STS-101 (Atlantis)",,
Kenneth T. Ham,1998,17,Retired,12/12/64,"Plainfield, NJ",Male,US Naval Academy; US Naval Postgraduate School,Aerospace Engineering,Aeronautical Engineering,Captain,US Navy,2,612,0,0,"STS-124 (Discovery), STS-132 (Atlantis)",,
L. Blaine Hammond Jr. ,1984,10,Retired,1/16/52,"Savannah, GA",Male,US Air Force Academy; Georgia Institute Of Technology,Engineering Science,Engineering Science,Colonel,US Air Force (Retired),2,462,0,0,"STS-39 (Discovery), STS-64 (Discovery)",,
Gregory J. Harbaugh,1987,12,Retired,4/15/56,"Cleveland, OH",Male,Purdue University; University Of Houston-Clear Lake,Aeronautical & Astronautical Engineering,Physical Science,,,4,817,3,18,"STS-39 (Discovery), STS-54 (Endeavor), STS-71 (Atlantis), STS-82 (Discovery)",,
Bernard A. Harris Jr. ,1990,13,Retired,6/26/56,"Temple, TX",Male,University Of Houston; Texas Tech University,Biology,Medicine,,,2,438,1,5,"STS-55 (Columbia), STS-63 (Discovery)",,
Terry J. Hart,1978,8,Retired,10/27/46,"Pittsburgh, PA",Male,Lehigh University; Massachusetts Institute Of Technology; Rutgers University,Mechanical Engineering,Mechanical Engineering; Electrical Engineering,,,1,167,0,0,STS 41-C (Challenger),,
Henry W. Hartsfield Jr. ,1969,7,Retired,11/21/33,"Birmingham, AL",Male,Auburn University; University Of Tennessee,Physics,Engineering Science,Colonel,US Air Force (Retired),3,482,0,0,"STS-4 (Columbia), STS 41-D (Discovery), STS 61-A (Challenger)",,
Frederick H. Hauck,1978,8,Retired,4/11/41,"Long Beach, CA",Male,Tufts University; Massachusetts Institute Of Technology,Physics,Nuclear Engineering,Captain,US Navy (Retired),3,435,0,0,"STS-7 (Challenger), STS 51-A (Discovery), STS-26 (Discovery)",,
Steven A. Hawley,1978,8,Retired,12/12/51,"Ottawa, KS",Male,University Of Kansas; University Of California,Physics & Astronomy,Astronomy & Astrophysics,,,5,770,0,0,"STS 41-D (Discovery), STS 61-C (Columbia), STS-31 (Discovery), STS-82 (Discovery), STS-93 (Columbia)",,
Susan J. Helms,1990,13,Retired,2/26/58,"Charlotte, NC",Female,US Air Force Academy; Stanford University,Aeronautical Engineering,Aeronautics & Astronautics,Lieutenant General,US Air Force,5,5063,1,9,"STS-54 (Endeavor), STS-64 (Discovery), STS-78 (Columbia), STS-101 (Atlantis), STS-102/105 (Discovery)",,
Karl G. Henize,1967,6,Deceased,10/17/26,"Cincinnati, OH",Male,University Of Virginia; University Of Michigan,Mathematics,Astronomy,,,1,190,0,0,STS 51-F (Challenger),10/5/93,
Thomas J. Hennen,,,Retired,8/17/52,"Albany, GA",Male,,,,Chief Warrant Officer,US Army (Retired),1,166,0,0,STS-44 (Atlantis),,
Terence T. Henricks,1985,11,Retired,7/5/52,"Bryan, OH",Male,US Air Force Academy; Golden Gate University,Civil Engineering,Public Administration,Colonel,US Air Force (Retired),4,1026,0,0,"STS-44 (Atlantis), STS-55 (Columbia), STS-70 (Discovery), STS-78 (Columbia)",,
Jose M. Hernandez,2004,19,Retired,8/7/62,"French Camp, CA",Male,"University Of the Pacific; University Of California, Santa Barbara",Electrical Engineering,Electrical & Computer Engineering,,,1,332,0,0,STS-128 (Discovery),,
John B. Herrington,1996,16,Retired,9/14/58,"Wetumka, OK",Male,University Of Colorado; US Naval Postgraduate School,Applied Mathematics,Aeronautical Engineering,Commander,US Navy (Retired),1,330,3,20,STS-113 (Endeavor),,
Richard J. Hieb,1985,11,Retired,9/21/55,"Jamestown, ND",Male,Northwest Nazarene College; University Of Colorado,Mathematics & Physics,Aerospace Engineering,,,3,766,3,18,"STS-39 (Discovery), STS-49 (Endeavor), STS-65 (Columbia)",,
Joan E. Higginbotham,1996,16,Retired,8/3/64,"Chicago, IL",Female,Southern Illinois University-Carbondale; Florida Institute Of Technology,Electrical Engineering,Business Management; Space Systems,,,1,308,0,0,STS-116 (Discovery),,
David C. Hilmers,1980,9,Retired,1/28/50,"Clinton, IA",Male,Cornell University; US Naval Postgraduate School,Mathematics,Electrical Engineering,Colonel,US Marine Corps (Retired),4,494,0,0,"ST 51-J (Atlantis), STS-26 (Discovery), STS-36 (Atlantis), STS-42 (Discovery)",,
Kathryn P. Hire,1995,15,Management,8/26/59,"Mobile, AL",Female,US Naval Academy; Florida State Institute Of Technology,Engineering Management,Space Technology,Captain,US Naval Reserves,2,711,0,0,"STS-90 (Columbia), STS-130 (Endeavor)",,
Charles O. Hobaugh,1996,16,Retired,11/5/61,"Bar Harbor, ME",Male,US Naval Academy,Aerospace Engineering,,Colonel,US Marine Corps (Retired),3,873,0,0,"STS-104 (Atlantis), STS-118 (Endeavor), ST-129 (Atlantis)",,
Jeffrey A. HOffman,1978,8,Retired,11/2/44,"Brooklyn, NY",Male,Amherst College; Rice University; Harvard University,Astronomy,Materials Science; Astrophysics,,,5,1211,4,25,"STS 51-D (Discovery), STS-35 (Columbia), STS-46 (Atlantis), STS-61 (Endeavor), STS-75 (Columbia)",,
Donald L. Holmquest,1967,6,Retired,4/7/39,"Dallas, TX",Male,Southern Methodist University; Baylor University; University Of Houston,Electrical Engineering,Physiology; Medicine; Law,,,0,0,0,0,,,
Michael S. Hopkins,2009,20,Active,12/28/68,"Lebanon, MO",Male,University Of Illinois; Stanford University,Aerospace Engineering,Aerospace Engineering,Colonel,US Air Force,1,3990,2,13,ISS-37/38 (Soyuz),,
Scott J. Horowitz,1992,14,Retired,3/24/57,"Philadelphia, PA",Male,California State University-Northridge; Georgia Institute Of Technology,Engineering,Aerospace Engineering,Colonel,US Air Force (Retired),4,1137,0,0,"STS-75 (Columbia), STS-82 (Discovery), STS-101 (Atlantis), STS-105 (Discovery)",,
Millie Hughes-Fulford,,,Retired,12/21/45,"Mineral Wells, TX",Female,Tarleton State University; Texas Woman‚Äôs University,Chemistry & Biology,,,,1,218,0,0,STS-40 (Columbia),,
Douglas G. Hurley,2000,18,Active,10/21/66,"Endicott, NY",Male,Tulane University,Civil Engineering,,Colonel,US Marine Corps,2,683,0,0,"STS-127 (Endeavor), STS-135 (Atlantis)",,
Rick D. Husband,1995,15,Deceased,7/12/57,"Amarillo, TX",Male,Texas Tech University; California State University,Mechanical Engineering,Mechanical Engineering,Colonel,US Air Force,2,617,0,0,"STS-96 (Discovery), STS-107 (Columbia)",2/1/03,STS-107 (Columbia)
James B. Irwin,1966,5,Deceased,3/17/30,"Pittsburgh, PA",Male,US Naval Academy; University Of Michigan,Naval Sciences,Aeronautical Engineering,Colonel,US Air Force (Retired),1,295,3,20,Apollo 15,8/8/91,
Marsha S. Ivins,1984,10,Retired,4/15/51,"Baltimore, MD",Female,University Of Colorado,Aerospace Engineering,,,,5,1341,0,0,"STS-32 (Columbia), STS-46 (Atlantis), STS-62 (Columbia), STS-81 (Atlantis), STS-98 (Atlantis)",,
Gregory B. Jarvis,,,Deceased,8/24/44,"Detroit, MI",Male,State University Of New York at Buffalo; Northeastern University,Electrical Engineering,Electrical Engineering,,,1,0,0,0,STS 51-L (Challenger),1/28/86,STS 51-L (Challenger)
Mae C. Jemison,1987,12,Retired,10/17/56,"Decatur, AL",Female,Stanford University; Cornell University,Chemical Engineering,Medicine,,,1,190,0,0,STS-47 (Endeavor),,
Tamara E. Jernigan,1985,11,Retired,5/7/59,"Chattanooga, TN",Female,Stanford University; University Of California-Berkeley; Rice University,Physics,Engineering Science; Astronomy,,,5,1489,1,8,"STS-40 (Columbia), STS-52 (Columbia), STS-67 (Endeavor), STS-80 (Columbia), STS-98 (Discovery)",,
Brent W. Jett,1992,14,Retired,10/5/58,"Pontiac, MI",Male,US Naval Academy; US Naval Postgraduate School,Aerospace Engineering,Aeronautical Engineering,Captain,US Navy (Retired),4,1002,0,0,"STS-72 (Endeavor), STS-81 (Atlantis), STS-97 (Endeavor), STS-115 (Atlantis)",,
Gregory C. Johnson,1998,17,Management,7/30/54,"Seattle, WA",Male,University Of Washington,Aerospace Engineering,,Captain,US Navy (Retired),1,309,0,0,STS-125 (Atlantis),,
Gregory H. Johnson,1998,17,Active,5/12/62,"London, England",Male,US Air Force Academy; Columbia University; University Of Texas,Aeronautical Engineering,Flight Structures Engineering; Business Administration,Colonel,US Air Force (Retired),2,755,0,0,"STS-123 (Endeavor), STS-134 (Endeavor)",,
Thomas D. Jones,1990,13,Retired,1/22/55,"Baltimore, MD",Male,US Air Force Academy; University Of Arizona,,Planetary Science,,,4,1272,3,20,"STS-59 (Endeavor), STS-68 (Endeavor), STS-80 (Columbia), STS-98 (Atlantis)",,
Janet L. Kavandi,1995,15,Management,7/17/59,"Springfield, MO",Female,Missouri Southern State College; University Of Missouri; University Of Washington,Chemistry,Chemistry,,,3,812,0,0,"STS-91 (Discovery), STS-99 (Endeavor), STS-104 (Atlantis)",,
James M. Kelly,1996,16,Management,5/14/64,"Burlington, IA",Male,US Air Force Academy; University Of Alabama,Astronautical Engineering,Aerospace Engineering,Colonel,US Air Force (Retired),2,641,0,0,"STS-102 (Discovery), STS-114 (Discovery)",,
Mark E. Kelly,1996,16,Retired,2/21/64,"Orange, NJ",Male,US Merchant Marine Academy; US Naval Postgraduate School,Marine Engineering & Nautical Science,Aeronautical Engineering,Captain,US Navy (Retired),4,1298,0,0,"STS-108 (Endeavor), STS-121 (Discovery), STS-124 (Discovery), STS-134 (Endeavor)",,
Scott J. Kelly,1996,16,Active,2/21/64,"Orange, NJ",Male,State University Of New York Maritime College; University Of Tennessee-Knoxville,Electrical Engineering,Aviation Systems,Captain,US Navy (Retired),4,12490,3,18,"STS-103 (Discovery), STS-118 (Endeavor), ISS-25/26 (Soyuz), ISS-43/44/45/46 (Soyuz)",,
Joseph P. Kerwin,1965,4,Retired,2/19/32,"Oak Park, IL",Male,College Of the Holy Cross; Northwestern University,Philosophy,Medicine,Captain,US Navy (Retired),1,672,1,3,Skylab 2,,
Susan L. Kilrain (Still),1995,15,Retired,10/24/61,"Augusta, GA",Female,Embry-Riddle University; Georgia Institute Of Technology,Astronautical Engineering,Aerospace Engineering,Commander,US Navy (Retired),2,472,0,0,"STS-83 (Columbia), STS-94 (Columbia)",,
Robert Shane Kimbrough,2004,19,Active,6/4/67,"Killeen, TX",Male,US Military Academy; Georgia Institute Of Technology,Aerospace Engineering,Operations Research,Colonel,US Army,3,3720,4,25,"STS-126 (Endeavor), ISS-49/50 (Soyuz)",,
Timothy L. Kopra,2000,18,Active,4/9/63,"Austin, TX",Male,US Military Academy; Georgia Institute Of Technology; US Army War College,Computer Science,Aerospace Engineering; Strategic Studies,Colonel,US Army (Retired),2,5857,3,13,"STS-127/128 (Endeavor/Discovery), ISS-46/47 (Soyuz)",,
Kevin R. Kregel,1992,14,Retired,9/16/56,"New York, NY",Male,US Air Force Academy; Troy State University,Astronautical Engineering,Public Administration,,,4,1265,0,0,"STS-70 (Discovery), STS-78 (Columbia), STS-87 (Columbia), STS-99 (Endeavor)",,
Wendy B. Lawrence,1992,14,Retired,7/2/59,"Jacksonville, FL",Female,US Naval Academy; Massachusetts Institute Of Technology,Ocean Engineering,Ocean Engineering,Captain,US Navy (Retired),4,1223,0,0,"STS-67 (Endeavor), STS-86 (Atlantis), STS-91 (Discovery), STS-114 (Discovery)",,
Mark C. Lee,1984,10,Retired,8/14/52,"Viroqua, WI",Male,US Air Force Academy; Massachusetts Institute Of Technology,Civil Engineering,Mechanical Engineering,Colonel,US Air Force (Retired),4,789,4,26,"STS-30 (Atlantis), STS-47 (Endeavor), STS-64 (Discovery), STS-82 (Discovery)",,
David C. Leestma,1980,9,Management,5/6/49,"Muskegon, MI",Male,US Naval Academy; US Naval Postgraduate School,Aeronautical Engineering,Aeronautical Engineering,Captain,US Navy (Retired),3,532,1,3,"STS 41-G (Challenger), STS-28 (Columbia), STS-45 (Atlantis)",,
William B. Lenoir,1967,6,Deceased,3/14/39,"Miami, FL",Male,Massachusetts Institute Of Technology,Electrical Engineering,Electrical Engineering,,,1,122,0,0,STS-5 (Columbia),8/26/12,
Fred W. Leslie,,,Retired,12/19/51,"Ancon, Panama",Male,University Of Texas; University Of Oklahoma,Engineering Science,Meteorology,,,1,381,0,0,STS-73 (Columbia),,
Byron K. Lichtenberg,,,Retired,2/19/48,"Stroudsburg, PA",Male,Brown University; Massachusetts Institute Of Technology,Aerospace Engineering,Mechanical Engineering; Biomedical Engineering,,,2,461,0,0,"STS-9 (Columbia), STS-45 (Atlantis)",,
Don L. Lind,1966,5,Retired,5/18/30,"Midvale, UT",Male,University Of Utah; University Of California-Berkley,Physics,Nuclear Physics,,,1,168,0,0,STS 51-B (Challenger),,
Kjell N. Lindgren,2009,20,Active,1/23/73,"Taipei, Taiwan",Male,US Air Force Academy; University Of Colorado; Colorado State University; University Of Minnesota; University Of Texas Medical Branch-Galveston,Biology,Medicine; Cardiovascular Physiology; Health Informatics; Public Health,,,1,3400,2,15,ISS-44/45 (Soyuz),,
Steven W. Lindsey,1995,15,Retired,8/24/60,"Arcadia, CA",Male,US Air Force Academy; US Air Force Institute Of Technology,Engineering Science,Aeronautical Engineering,Colonel,US Air Force (Retired),5,1510,0,0,"STS-87 (Columbia), STS-95 (Discovery), STS-104 (Atlantis), STS-121 (Discovery), STS-133 (Discovery)",,
Jerry M. Linenger,1992,14,Retired,1/16/55,"Mount Clemens, MI",Male,US Naval Academy; University Of Southern California; University Of North Carolina; Wayne State University,Bioscience,Systems Management; Public Health; Medicine; Epidemiology,Captain,US Navy (Retired),2,3435,1,5,"STS-64 (Discovery), STS-81/84 (Atlantis)",,
Richard M. Linnehan,1992,14,Management,9/19/57,"Lowell, MA",Male,University Of New Hampshire; Ohio State University; Harvard University,Animal Science,Veterinary Medicine; Public Administration,,,4,1427,6,43,"STS-78 (Columbia), STS-90 (Columbia), STS-109 (Columbia), STS-123 (Endeavor)",,
Gregory T. Linteris,,,Retired,10/4/57,"Demarest, NJ",Male,Princeton University; Stanford University,Chemical Engineering,Mechanical Engineering; Mechanical & Aerospace Engineering,,,2,471,0,0,"STS-83 (Columbia), STS-94 (Columbia)",,
John A. Llewellyn,1967,6,Retired,4/22/33,"Cardiff, Wales",Male,University College at Cardiff,Chemistry,Chemistry,,,0,0,0,0,,,
Paul S. Lockhart,1996,16,Retired,4/28/56,"Amarillo, TX",Male,Texas Tech University; University Of Texas,Mathematics,Aerospace Engineering,Colonel,US Air Force (Retired),2,663,0,0,"STS-111 (Endeavor), STS-113 (Endeavor)",,
Michael E. Lopez-Alegria,1992,14,Retired,5/30/58,"Madrid, Spain",Male,US Naval Academy; US Naval Postgraduate School,Systems Engineering,Aeronautical Engineering,Captain,US Navy (Retired),3,6190,10,67,"STS-73 (Columbia), STS-92 (Discovery), STS-113 (Endeavor), ISS-14 (Soyuz)",,
Christopher J. Loria,1996,16,Retired,7/9/60,"Belmont, MA",Male,US Naval Academy; Harvard University,Engineering,Public Administration,Colonel,US Marine Corps (Retired),0,0,0,0,,,
J. Mike Lounge,1980,9,Deceased,6/28/46,"Denver, CO",Male,US Naval Academy; University Of Colorado,Mathematics & Physics,Astrogeophysics,,,3,483,0,0,"STS 51-I (Discovery), STS-26 (Discovery), STS-35 (Columbia)",3/1/11,
Jack R. Lousma,1966,5,Retired,2/29/36,"Grand Rapids, MI",Male,University Of Michigan; US Naval Postgraduate School,Aeronautical Engineering,Aeronautical Engineering,Colonel,US Marine Corps (Retired),2,1619,2,11,"Skylab 3, STS-3 (Columbia)",,
Stanley G. Love,1998,17,Management,6/8/65,"San Diego, CA",Male,Harvey Mudd College; University Of Washington,Physics,Astronomy,,,1,306,2,15,STS-122 (Atlantis),,
James A. Lovell Jr. ,1962,2,Retired,3/25/28,"Cleveland, OH",Male,US Naval Academy,,,Captain,US Navy (Retired),4,715,0,0,"Gemini 7, Gemini 12, Apollo 8, Apollo 13",,
G. David Low,1984,10,Deceased,2/19/56,"Cleveland, OH",Male,Washington & Lee University; Cornell University; Stanford University,Physics & Engineering,Mechanical Engineering; Aeronautics & Astronautics,,,3,714,1,6,"STS-32 (Columbia), STS-43 (Atlantis), STS-57 (Endeavor)",3/15/08,
Edward T. Lu,1995,15,Retired,7/1/63,"Springfield, MA",Male,Cornell University; Stanford University,Electrical Engineering,Applied Physics,,,3,4962,1,6,"STS-84 (Atlantis), STS-106 (Atlantis), ISS-07 (Soyuz)",,
Shannon W. Lucid,1978,8,Retired,1/14/43,"Shanghai, China",Female,University Of Oklahoma,Chemistry,Biochemistry,,,5,5354,0,0,"STS 51-G (Discovery), STS-34 (Atlantis), STS-43 (Atlantis), STS-58 (Columbia), STS-76/79 (Atlantis)",,
Sandra H. Magnus,1996,16,Retired,10/30/64,"Belleville, IL",Female,University Of Missouri-Rolla; Georgia Institute Of Technology,Physics,Electrical Engineering; Materials Science & Engineering,,,3,3776,0,0,"STS-112 (Atlantis), STS-126/119 (Endeavor/Discovery), STS-135 (Atlantis)",,
Thomas H. Marshburn,2004,19,Active,8/29/60,"Statesville, NC",Male,Davidson College; University Of Virginia; Wake Forest University; University Of Texas Medical Branch-Galveston,Physics,Engineering Physics; Medicine; Medical Science,,,2,3871,4,24,"STS-127 (Endeavor), ISS-34/35 (Soyuz)",,
Michael J. Massimino,1996,16,Management,8/19/62,"Oceanside, NY",Male,Columbia University; Massachusetts Institute Of Technology,Industrial Engineering,Technology & Policy; Mechanical Engineering,,,2,571,4,30,"STS-109 (Columbia), STS-125 (Atlantis)",,
Richard A. Mastracchio,1996,16,Active,2/11/60,"Waterbury, CT",Male,University Of Connecticut; Rensselaer Polytechnic Institute; University Of Houston-Clear Lake,Electrical Engineering; Computer Science,Electrical Engineering; Physical Sciences,,,4,5461,9,53,"STS-106 (Atlantis), STS-118 (Endeavor), STS-131 (Discovery), ISS-38/39 (Soyuz)",,
Thomas K. Mattingly II ,1966,5,Retired,3/17/36,"Chicago, IL",Male,Auburn University,Aeronautical Engineering,,Rear Admiral,US Navy (Retired),3,508,1,1,"Apollo 16, STS-4 (Columbia), STS 51-C (Discovery)",,
K. Megan McArthur,2000,18,Active,8/30/71,"Honolulu, HI",Female,University Of California-Los Angeles; University Of California-San Diego,Aerospace Engineering,Oceanography,,,1,309,0,0,STS-125 (Atlantis),,
William S. McArthur Jr. ,1990,3,Management,7/26/51,"Laurinburg, NC",Male,US Military Academy; Georgia Institute Of Technology,Applied Science & Engineering,Aerospace Engineering,Colonel,US Army (Retired),4,5398,4,24,"STS-58 (Columbia), STS-74 (Atlantis), STS-92 (Discovery), ISS-12 (Soyuz)",,
S. Christa McAuliffe,,,Deceased,9/2/48,"Boston, MA",Female,Framingham State College; Bowie State College,Education,Education,,,1,0,0,0,STS 51-L (Challenger),1/28/86,STS 51-L (Challenger)
Jon A. McBride,1978,8,Retired,8/14/43,"Charleston, WV",Male,US Naval Postgraduate School,Aeronautical Engineering,,Captain,US Navy (Retired),1,197,0,0,STS 41-G (Challenger),,
Bruce McCandless II ,1966,5,Retired,6/8/37,"Boston, MA",Male,US Naval Academy; Stanford University; University Of Houston-Clear Lake,,Electrical Engineering; Business Administration,Captain,US Navy (Retired),2,312,2,12,"STS 41-B (Challenger), STS-31 (Discovery)",,
William C. McCool,1996,16,Deceased,9/23/61,"San Diego, CA",Male,US Naval Academy; University Of Maryland; US Naval Postgraduate School,Naval Sciences,Computer Science; Aeronautical Engineering,Commander,US Navy,1,382,0,0,STS-107 (Columbia),2/1/03,STS-107 (Columbia)
Michael J. McCulley,1984,10,Retired,8/4/43,"San Diego, CA",Male,Purdue University,Metallurgical Engineering,Metallurgical Engineering,Captain,US Navy (Retired),1,119,0,0,STS-34 (Atlantis),,
James A. McDivitt,1984,2,Retired,6/10/29,"Chicago, IL",Male,University Of Michigan,Astronautical Engineering,,Brigadier General,US Air Force (Retired),2,338,0,0,"Gemini 4, Apollo 9",,
Donald R. McMonagle,1987,12,Retired,5/14/52,"Flint, MI",Male,US Air Force Academy; California State University-Fresno,Astronautical Engineering,Mechanical  Engineering,Colonel,US Air Force (Retired),3,605,0,0,"STS-39 (Discovery), STS-54 (Endeavor), STS-66 (Atlantis)",,
Ronald E. McNair,1978,8,Deceased,10/21/50,"Lake City, SC",Male,North Carolina A&T State College; Massachusetts Institute Of Technology,Physics,Physics,,,2,191,0,0,"STS 41-B (Challenger), STS 51-L (Challenger)",1/28/86,STS 51-L (Challenger)
Carl J. Meade,1985,11,Retired,11/16/50,"Chanute Air Force Base, IL",Male,University Of Texas; California Institute Of Technology,Electronics Engineering,Electronics Engineering,Colonel,US Air Force (Retired),3,712,1,6,"STS-38 (Atlantis), STS-50 (Columbia), STS-64 (Discovery)",,
Bruce E. Melnick,1987,12,Retired,12/5/49,"New York, NY",Male,US Coast Guard Academy; West Florida University,Engineering,Aeronautical Systems,Commander,US Coast Guard (Retired),2,311,0,0,"STS-41 (Discovery), STS-49 (Endeavor)",,
Pamela A. Melroy,1995,15,Retired,9/17/61,"Palo Alto, CA",Female,Wellesley College; Massachusetts Institute Of Technology,Physics & Astronomy,Earth & Planetary Sciences,Colonel,US Air Force (Retired),3,914,0,0,"STS-92 (Discovery), STS-112 (Atlantis), STS-120 (Discovery)",,
Leland D. Melvin,1998,17,Management,2/15/64,"Lynchburg, VA",Male,University Of Richmond; University Of Virginia,Chemistry,Materials Science Engineering,,,2,565,0,0,"STS-122 (Atlantis), STS-129 (Atlantis)",,
Dorothy M. Metcalf-Lindenberger,2004,19,Active,5/2/75,"Colorado Springs, CO",Female,Whitman College,Geology,,,,1,362,0,0,STS-131 (Discovery),,
F. Curtis Michel,1965,4,Retired,6/5/34,"LaCrosse, WI",Male,California Institute Of Technology,Physics,Physics,,,0,0,0,0,,,
Edgar D. Massachusetts Institute Of Technologychell,1966,5,Retired,9/17/30,"Hereford, TX",Male,Carnegie-Mellon University; US Naval Postgraduate School; Massachusetts Institute Of Technology,Industrial Management,Aeronautical Engineering; Aeronautics & Astronautics,Captain,US Navy (Retired),1,216,2,9,Apollo 14,,
Barbara R. Morgan,1998,17,Retired,11/28/51,"Fresno, CA",Female,Stanford University,Human Biology,,,,1,305,0,0,STS-118 (Endeavor),,
Lee M. Morin,1996,16,Management,9/9/52,"Manchester, NH",Male,University Of New Hampshire; University Of Alabama-Birmingham; New York University,Mathematical & Electrical Science,Public Health; Biochemistry; Medicine; Microbiology,Captain,US Navy,1,259,2,14,STS-110 (Atlantis),,
Richard M. Mullane,1978,8,Retired,9/10/45,"Wichita Falls, TX",Male,US Military Academy; US Air Force Institute Of Technology,Military Engineering,Aeronautical Engineering,Colonel,US Air Force (Retired),3,356,0,0,"STS 41-D (Discovery), STS-27 (Atlantis), STS-36 (Atlantis)",,
Story Musgrave,1967,6,Retired,8/19/35,"Boston, MA",Male,Syracuse University; Marietta College; University Of California-Los Angeles; University Of Kentucky; University Of Houston; Columbia University,Mathematics & Statistics; Chemistry,Business Administration; Physiology; Literature; Medicine,,,6,1281,4,26,"STS-6 (Challenger), STS 51-F (Challenger), STS-33 (Discovery), STS-44 (Atlantis), STS-61 (Endeavor), STS-80 (Columbia)",,
Steven R. Nagel,1978,8,Retired,10/27/46,"Canton, IL",Male,University Of Illinois; California State University-Fresno,Aerospace Engineering,Mechanical  Engineering,Colonel,US Air Force (Retired),4,721,0,0,"STS 51-G (Discovery), STS 61-A (Challenger), STS-37 (Atlantis), STS-55 (Columbia)",,
Bill Nelson,,,Retired,9/29/42,"Miami, FL",Male,Yale University; University Of Virginia,,Law,Captain,US Army (Retired),1,146,0,0,STS 61-C (Columbia),,
George D. Nelson,1978,8,Retired,7/13/50,"Charles City, IA",Male,Harvey Mudd College; University Of Washington,Physics,Astronomy,,,3,411,2,10,"STS 41-C (Challenger), STS 61-C (Columbia), STS-26 (Discovery)",,
James H. Newman,1990,13,Retired,10/16/56,"San Diego, CA",Male,Dartmouth College; Rice University,Physics,Physics,,,4,1042,6,43,"STS-51 (Discovery), STS-69 (Endeavor), STS-88 (Endeavor), STS- 109 (Columbia)",,
Carlos I. Noriega,1995,15,Retired,10/8/59,"Lima, Peru",Male,University Of Southern California; US Naval Postgraduate School,Computer Science,Computer Science; Space Systems Operations,Lieutenant Colonel,US Marine Corps (Retired),2,481,3,19,"STS-84 (Atlantis), STS-97 (Endeavor)",,
Lisa M. Nowak,1996,16,Retired,5/10/63,"Washington, DC",Female,US Naval Academy; US Naval Postgraduate School,Aerospace Engineering,Aeronautical Engineering,Captain,US Navy (Retired),1,306,0,0,STS-121 (Discovery),,
Karen L. Nyberg,2000,18,Active,10/7/69,"Parker‚Äôs Prairie, MN",Female,University Of North Dakota; University Of Texas,Mechanical Engineering,Mechanical Engineering,,,2,4320,0,0,"STS-124 (Discovery), ISS-36/37 (Soyuz)",,
Bryan D. O'Connor,1980,9,Retired,9/6/46,"Orange, CA",Male,US Naval Academy; West Florida University,Engineering,Aeronautical Systems,Colonel,US Marine Corps (Retired),2,383,0,0,"STS 61-B (Atlantis), STS-40 (Columbia)",,
Brian T. O'Leary,1967,6,Deceased,1/27/40,"Boston, MA",Male,Williams College; Georgetown University; University Of California-Berkeley,Physics,Astronomy,,,0,0,0,0,,7/28/11,
Ellen Ochoa,1990,13,Management,5/10/58,"Los Angeles, CA",Female,San Diego State University; Stanford University,Physics,Electrical Engineering,,,4,979,0,0,"STS-56 (Discovery), STS-66 (Atlantis), STS-96 (Discovery), STS-110 (Atlantis)",,
William A. Oefelein,1998,17,Retired,3/29/65,"Ft. Belvoir, VA",Male,Oregon State University; University Of Tennessee,Electrical Engineering,Aviation Systems,Commander,US Navy (Retired),1,308,0,0,STS-116 (Discovery),,
John D. Olivas,1998,17,Retired,5/25/66,"North Hollywood, CA",Male,University Of Texas-El Paso; University Of Houston; Rice University,Mechanical Engineering,Mechanical  Engineering; Mechanical  Engineering & Materials Science,,,2,665,5,34,"STS-117 (Atlantis), STS-128 (Discovery)",,
Ellison S. Onizuka,1978,8,Deceased,6/24/46,"Kealakekua, HI",Male,University Of Colorado,Aerospace Engineering,Aerospace Engineering,Lieutenant Colonel,US Air Force,2,73,0,0,"STS 51-C (Discovery), STS 51-L (Challenger)",1/28/86,STS 51-L (Challenger)
Stephen S. Oswald,1985,11,Retired,6/30/51,"Seattle, WA",Male,US Naval Academy,Aerospace Engineering,,,,3,814,0,0,"STS-42 (Discovery), STS-56 (Discovery), STS-67 (Endeavor)",,
Robert F. Overmyer,1969,7,Deceased,7/14/36,"Lorain, OH",Male,Baldwin Wallace College; US Naval Postgraduate School,Physics,Aeronautics,Colonel,US Marine Corps (Retired),2,290,0,0,"STS-5 (Columbia), STS 51-B (Challenger)",3/22/96,
William A. Pailes,,,Retired,6/26/52,"Hackensack, NJ",Male,US Air Force Academy; Texas A&M University,Computer Science,Computer Science,Colonel,US Air Force (Retired),1,97,0,0,STS 51-J (Atlantis),,
Scott E. Parazynski,1992,14,Retired,7/28/61,"Little Rock, AR",Male,Stanford University,Biology,Medicine,,,5,1404,7,47,"STS-66 (Atlantis), STS-86 (Atlantis), STS-95 (Discovery), STS-100 (Endeavor), STS-120 (Discovery)",,
Ronald A. Parise,,,Deceased,5/24/51,"Warren, OH",Male,Youngstown State University; University Of Florida,Physics,Astronomy,,,2,614,0,0,"STS-35 (Columbia), STS-67 (Endeavor)",5/9/08,
Robert A. Parker,1967,6,Retired,12/14/36,"New York, NY",Male,Amherst College; California Institute Of Technology,Physics & Astronomy,Astronomy,,,2,462,0,0,"STS-9 (Columbia), STS-35 (Columbia)",,
Niclolas J. M. Patrick,1998,17,Retired,3/22/64,"North Yorkshire, England",Male,University Of Cambridge; Massachusetts Institute Of Technology,Engineering,Engineering; Mechanical Engineering,,,2,638,3,18,"STS-116 (Discovery), STS-130 (Endeavor)",,
James A. Pawelczyk,,,Retired,9/20/60,"Buffalo, NY",Male,University Of Rochester; Pennsylvania State University; University Of North Texas,Biology & Psychology,Physiology; Biology,,,1,381,0,0,STS-90 (Columbia),,
Gary E. Payton,,,Retired,6/20/48,"Rock Island, IL",Male,US Air Force Academy; Purdue University,Astronautical Engineering,Astronautical & Aeronautical Engineering,Major,US Air Force,1,73,0,0,STS 51-C (Discovery),,
Donald H. Peterson,1969,7,Retired,10/22/33,"Winona, MS",Male,US Military Academy; US Air Force Institute Of Technology,,Nuclear Engineering,Colonel,US Air Force (Retired),1,120,1,4,STS-6 (Challenger),,
Donald R. Pettit,1996,16,Active,4/20/55,"Silverton, OR",Male,Oregon State University; University Of Arizona,Chemical Engineering,Chemical Engineering,,,3,8872,2,13,"ISS-6 (Soyuz), STS-126 (Endeavor), ISS-30/31 (Soyuz)",,
John L. Phillips,1996,16,Retired,4/15/51,"Ft. Belvoir, VA",Male,US Naval Academy; University Of West Florida; University Of California-Los Angeles,Mathematics; Russian,Aeronautical Systems; Geophysics & Space Physics,Captain,US Naval Reserves (Retired),3,4880,1,5,"STS-100 (Endeavor), ISS-11 (Soyuz), STS-119 (Discovery)",,
William R. Pogue,1966,5,Retired,1/23/30,"Okemah, OK",Male,Oklahoma Baptist University; Oklahoma State University,Education,Mathematics,Colonel,US Air Force (Retired),1,2017,2,13,Skylab 4,,
Alan G. Poindexter,1998,17,Deceased,11/5/61,"Pasadena, CA",Male,Georgia Institute Of Technology; US Naval Postgraduate School,Aerospace Engineering,Aeronautical Engineering,Captain,US Navy,2,669,0,0,"STS-122 (Atlantis), STS-131 (Discovery)",7/1/12,
Mark L. Polansky,1996,16,Retired,6/2/56,"Paterson, NJ",Male,Purdue University,Aeronautical & Astronautical Engineering,Aeronautical & Astronautical Engineering,,,3,995,0,0,"STS-98 (Atlantis), ST-116 (Discovery), STS-127 (Endeavor)",,
Charles J. Precourt,1990,13,Retired,6/29/55,"Waltham, MA",Male,US Air Force Academy; Golden Gate University; US Naval War College,Aeronautical Engineering,Engineering Management; Strategic Studies,Colonel,US Air Force (Retired),4,950,0,0,"STS-55 (Columbia), STS-71 (Atlantis), STS-84 (Atlantis), STS-91 (Discovery)",,
William F. Readdy,1987,12,Retired,1/24/52,"Quonset Point, RI",Male,US Naval Academy,Aerospace Engineering,,Captain,US Navy (Retired),3,672,0,0,"STS-42 (Discovery), STS-51 (Discovery), STS-79 (Atlantis)",,
Kenneth S. Reightler Jr. ,1987,12,Retired,3/24/51,"Patuxent River, MD",Male,US Naval Academy; US Naval Postgraduate School; University Of Southern California,Aerospace Engineering,Aeronautical Engineering; Systems Management,Captain,US Navy (Retired),2,327,0,0,"STS-48 (Discovery), STS-60 (Discovery)",,
James F. Reilly II ,1995,15,Retired,3/18/54,"Mountain Home Air Force Base, ID",Male,University Of Texas-Dallas,Geosciences,Geosciences,,,3,854,5,31,"STS-89 (Endeavor), STS-104 (Atlantis), STS-117 (Atlantis)",,
Garrett E. Reisman,1998,17,Retired,2/10/68,"Morristown, NJ",Male,University Of Pennsylvania; California Institute Of Technology,Economics,Mechanical  Engineering,,,2,2571,3,21,"STS-123/124 (Endeavor/Discovery), STS-132 (Atlantis)",,
Judith A. Resnik,1978,8,Deceased,4/5/49,"Akron, OH",Female,Carnegie-Mellon University; University Of Maryland,Electrical Engineering,Electrical Engineering,,,2,144,0,0,"STS 41-D (Discovery), STS 51-L (Challenger)",1/28/86,STS 51-L (Challenger)
Paul W. Richards,1996,16,Management,5/20/64,"Scranton, PA",Male,Drexel University; University Of Maryland,Mechanical Engineering,Mechanical Engineering,,,1,307,1,6,STS-102 (Discovery),,
Richard N. Richards,1980,9,Retired,8/24/46,"Key West, FL",Male,University Of Missouri; University Of West Florida,Chemical Engineering,Aeronautical Systems,Captain,US Navy (Retired),4,813,0,0,"STS-28 (Columbia), STS-41 (Discovery), STS-50 (Columbia), STS-64 (Discovery)",,
Sally K. Ride,1978,8,Deceased,5/26/51,"Los Angeles, CA",Female,Stanford University,Physics; English,Physics,,,2,343,0,0,"STS-7 (Challenger), STS 41-G (Challenger)",7/23/12,
Patricia Hilliard Robertson,1998,17,Deceased,3/12/63,"Indiana, PA",Female,Indiana University Of Pennsylvania; Medical College Of Pennsylvania,Biology,Medicine,,,0,0,0,0,,5/24/01,
Stephen K. Robinson,1995,15,Retired,10/26/55,"Sacramento, CA",Male,University Of California-Davis; Stanford University,Mechanical & Aeronautical Engineering,Mechanical  Engineering,,,4,1162,3,20,"STS-85 (Discovery), STS-95 (Discovery), STS-114 (Discovery), STS-130 (Endeavor)",,
Kent V. Rominger,1992,14,Retired,8/7/56,"Del Norte, CO",Male,Colorado State University; US Naval Postgraduate School,Civil Engineering,Aeronautical Engineering,Captain,US Navy (Retired),5,1611,0,0,"STS-73 (Columbia), STS-80 (Columbia), STS-85 (Discovery), STS-96 (Discovery), STS-100 (Endeavor)",,
Stuart A. Roosa,1966,5,Deceased,8/16/33,"Durango, CO",Male,University Of Colorado,Aeronautical Engineering,,Colonel,US Air Force (Retired),1,216,0,0,Apollo 14,12/12/94,
Jerry L. Ross,1980,9,Retired,1/20/48,"Crown Point, IN",Male,Purdue University,Mechanical Engineering,Mechanical Engineering,Colonel,US Air Force (Retired),7,1393,9,58,"ST 61-B (Atlantis), ST-27 (Atlantis), ST-37 (Atlantis), STS-55 (Columbia), STS-74 (Atlantis), STS-88 (Endeavor), STS-110 (Atlantis)",,
Kathleen Rubins,2009,20,Active,10/14/78,"Farmington, CT",Female,University Of California-San Diego; Stanford University,Molecular Biology,Cancer Biology,,,1,2762,2,13,ISS-48/49 (Soyuz),,
Mario Runco Jr. ,1987,12,Management,1/26/52,"Bronx, NY",Male,City College Of New York; Rutgers University,Earth & Planetary Science,Atmospheric Physics,Lieutenant Commander,US Navy (Retired),3,551,0,0,"STS-44 (Atlantis), STS-54 (Endeavor), STS-77 (Endeavor)",4/23/01,
Albert Sacco Jr.,,,Retired,5/3/49,"Boston, MA",Male,Northeastern University; Massachusetts Institute Of Technology,Chemical Engineering,Chemical Engineering,,,1,381,0,0,STS-73 (Columbia),,
Robert L. Satcher Jr. ,2004,19,Retired,9/22/65,"Hampton, VA",Male,Massachusetts Institute Of Technology; Harvard University,Chemical Engineering,Chemical Engineering; Medicine,,,1,259,2,12,STS-129 (Atlantis),,
Walter M. Schirra Jr. ,1959,1,Deceased,3/12/23,"Hackensack, NJ",Male,US Naval Academy,Naval Sciences,,Captain,US Navy (Retired),3,295,0,0,"Mercury 8, Gemini 6, Apollo 7",5/2/07,
Harrison H. SchMassachusetts Institute Of Technologyt,1965,4,Retired,7/3/35,"Santa Rita, NM",Male,California Institute Of Technology; Harvard University,Geology,Geology,,,1,301,3,22,Apollo 17,,
Russell L. Schweickart,1963,3,Retired,10/25/35,"Neptune, NJ",Male,Massachusetts Institute Of Technology,Aeronautics & Astronautics,Aeronautics & Astronautics,,,1,241,1,1,Apollo 9,,
Francis R. Scobee,1978,8,Deceased,5/19/39,"Cle Elum, WA",Male,University Of Arizona,Aerospace Engineering,,Major,US Air Force (Retired),2,167,0,0,"STS 41-C (Challenger), STS 51-L (Challenger)",1/28/86,STS 51-L (Challenger)
David R. Scott,1963,3,Retired,6/6/32,"San Antonio, TX",Male,US Military Academy; Massachusetts Institute Of Technology,,Aeronautics & Astronautics,Colonel,US Air Force (Retired),3,546,4,19,"Gemini 8, Apollo 9, Apollo 15",,
Winston E. Scott,1992,14,Retired,8/6/50,"Miami, FL",Male,Florida State University; US Naval Postgraduate School,Music,Aeronautical Engineering,Captain,US Navy (Retired),2,590,3,19,"STS-72 (Endeavor), STS-87 (Columbia)",,
Paul D. Scully-Power,,,Retired,5/28/44,"Sydney, Australia",Male,University Of Sydney,Applied Mathematics,,,,1,197,0,0,STS 41-G (Challenger),,
Richard A. Searfoss,1990,13,Retired,6/5/56,"Mount Clemens, MI",Male,US Air Force Academy; California Institute Of Technology,Aeronautical Engineering,Aeronautics,Colonel,US Air Force (Retired),3,939,0,0,"STS-58 (Columbia), STS-76 (Atlantis), STS-90 (Columbia)",,
Margaret Rhea Seddon,1978,8,Retired,11/8/47,"Murfreesboro, TN",Female,University Of California-Berkeley; University Of Tennessee,Physiology,Medicine,,,3,722,0,0,"STS 51-D (Discovery), STS-40 (Columbia), STS-58 (Columbia)",,
Elliot M. See Jr. ,1962,2,Deceased,7/23/27,"Dallas, TX",Male,US Merchant Marine Academy; University Of California-Los Angeles,,Engineering,,,0,0,0,0,,2/28/66,
Ronald M. Sega,1990,13,Retired,12/4/52,"Cleveland, OH",Male,US Air Force Academy; Ohio State University; University Of Colorado,Physics & Mathematics,Physics; Electrical Engineering,Colonel,US Air Force Reserves (Retired),2,420,0,0,"STS-60 (Discovery), STS-76 (Atlantis)",,
Piers J. Sellers,1996,16,Management,4/11/55,"Crowborough, England",Male,University Of Edinburgh; Leeds University,Ecological Science,Biometeorology,,,3,839,6,41,"STS-112 (Atlantis), STS-121 (Discovery), STS-132 (Atlantis)",,
Brewster H. Shaw Jr. ,1978,8,Retired,5/16/45,"Cass City, MI",Male,University Of Wisconsin,Engineering Mechanics,Engineering Mechanics,Colonel,US Air Force (Retired),3,533,0,0,"STS-9 (Columbia), STS 61-B (Atlantis), STS-28 (Columbia)",,
Alan B. Shepard Jr. ,1959,1,Deceased,11/18/23,"East Derry, NH",Male,US Naval Academy,Naval Sciences,,Rear Admiral,US Navy (Retired),2,216,2,9,"Mercury 3, Apollo 14",7/21/98,
William M. Shepherd,1984,10,Retired,7/26/49,"Oak Ridge, TN",Male,US Naval Academy; Massachusetts Institute Of Technology,Aerospace Engineering,Mechanical  Engineering,Captain,US Navy (Retired),4,3823,0,0,"STS-37 (Atlantis), STS-41 (Discovery), STS-52 (Columbia), ISS-01/STS-102 (Soyuz/Discovery)",,
Loren J. Shriver,1978,8,Retired,9/23/44,"Jefferson, IA",Male,US Air Force Academy; Purdue University,Aeronautical Engineering,Astronautical Engineering,Colonel,US Air Force (Retired),3,386,0,0,"STS 51-C (Discovery), STS-31 (Discovery), STS-46 (Atlantis)",,
Donald K. Slayton,1959,1,Deceased,3/1/24,"Sparta, WI",Male,University Of Minnesota,Aeronautical Engineering,,Major,US Air Force Reserves,1,217,0,0,Apollo-Soyuz Test Project,6/13/93,
Michael J. SMassachusetts Institute Of Technologyh,1980,9,Deceased,4/30/45,"Beaufort, NC",Male,US Naval Academy; US Naval Postgraduate School,Naval Sciences,Aeronautical Engineering,Captain,US Navy,1,0,0,0,STS 51-L (Challenger),1/28/86,STS 51-L (Challenger)
Steven L. SMassachusetts Institute Of Technologyh,1992,14,Management,12/30/58,"Phoenix, AZ",Male,Stanford University,Electrical Engineering,Electrical Engineering,,,4,960,7,49,"STS-68 (Endeavor), STS-82 (Discovery), STS-103 (Discovery), STS-110 (Atlantis)",,
Sherwood C. Spring,1980,9,Retired,9/23/44,"Hartford, CT",Male,US Military Academy; University Of Arizona,Engineering,Aerospace Engineering,Colonel,US Army (Retired),1,165,2,12,STS 61-B (Atlantis),,
Robert C. Springer,1980,9,Retired,5/21/42,"St. Louis, MO",Male,US Naval Academy; US Naval Postgraduate School,Naval Sciences,Operations Research,Colonel,US Marine Corps (Retired),2,237,0,0,"STS-29 (Discovery), STS-38 (Atlantis)",,
Thomas P. Stafford,1962,2,Retired,9/17/30,"Weatherford, OK",Male,US Naval Academy,,,Lieutenant General,US Air Force (Retired),4,507,0,0,"Gemini 6, Gemini 9, Apollo 10, Apollo-Soyuz Test Project",,
Heidemarie M. Stefanyshyn-Piper,1996,16,Retired,2/7/63,"St. Paul, MN",Female,Massachusetts Institute Of Technology,Mechanical Engineering,,Captain,US Navy,2,663,2,33,"STS-115 (Atlantis), STS-126 (Endeavor)",,
Robert L. Stewart,1978,8,Retired,8/13/42,"Washington, DC",Male,University Of Southern Mississippi; University Of Texas-Arlington,Mathematics,Aerospace Engineering,Brigadier General,US Army (Retired),2,289,2,12,"STS 41-B (Challenger), STS 51-J (Atlantis)",,
Nicole P. Stott,2000,18,Active,11/19/62,"Albany, NY",Female,Embry-Riddle Aeronautical University; University Of Central Florida,Aeronautical Engineering,Engineering Management,,,2,2477,1,6,"STS-128/129 (Discovery/Atlantis), STS-133 (Discovery)",,
Frederick W. Sturckow,1995,15,Retired,8/11/61,"La Mesa, CA",Male,California Polytechnic State University,Mechanical Engineering,,Colonel,US Marine Corps (Retired),4,1233,0,0,"STS-88 (Endeavor), STS-105 (Discovery), STS-117 (Atlantis), STS-128 (Discovery)",,
Kathryn D. Sullivan,1978,8,Retired,10/3/51,"Patterson, NJ",Female,University Of California-Santa Cruz; Dalhousie University,Earth Sciences,Earth Sciences; Geology,,,3,532,1,3,"STS 41-G (Challenger), STS-31 (Discovery), STS-45 (Atlantis)",,
Steven R. Swanson,1998,17,Active,12/3/60,"Syracuse, NY",Male,University Of Colorado; Florida Atlantic University; Texas A&M University,Engineering Physics,Computer Systems; Computer Science,,,3,4700,5,28,"STS-117 (Atlantis), STS-119 (Discovery), ISS-39/40 (Soyuz)",,
John L. Swigert Jr. ,1966,5,Deceased,8/30/31,"Denver, CO",Male,University Of Colorado; Rensselaer Polytechnic Institute; University Of Hartford,Mechanical Engineering,Aerospace Science; Business Administration,,,1,142,0,0,Apollo 13,12/27/82,
Daniel M. Tani,1996,16,Retired,2/1/61,"Ridley Park, PA",Male,Massachusetts Institute Of Technology,Mechanical Engineering,Mechanical Engineering,,,2,3162,6,39,"STS-108 (Endeavor), STS-120/122 (Discovery/Atlantis)",,
Joseph R. Tanner,1992,14,Retired,1/21/50,"Danville, IL",Male,University Of Illinois,Mechanical Engineering,,,,4,1045,7,46,"STS-66 (Atlantis), STS-82 (Discovery), STS-97 (Endeavor), STS-115 (Discovery)",,
Norman E. Thagard,1978,8,Retired,7/3/43,"Marianna, FL",Male,Florida State University; University Of Texas,Engineering Science,Engineering Science; Medicine,,,5,3373,0,0,"STS-7 (Challenger), STS 51-B (Challenger), STS-30 (Atlantis), STS-42 (Discovery), STS-71 (Soyuz/Atlantis)",,
Andrew S. W. Thomas,1992,14,Management,12/18/51,"Adelaide, Australia",Male,University Of Adelaide,Mechanical Engineering,Mechanical Engineering,,,4,4257,1,6,"STS-77 (Endeavor), STS-89/91 (Endeavor/Discovery), STS-102 (Discovery), STS-114 (Discovery)",,
Donald A. Thomas,1990,13,Retired,5/6/55,"Cleveland, OH",Male,Case Western Reserve University; Cornell University,Physics,Materials Science,,,4,1040,0,0,"STS-65 (Columbia), STS-70 (Discovery), STS-83 (Columbia), STS-94 (Columbia)",,
Stephen D. Thorne,1985,11,Deceased,2/11/53,"Frankfurt, West Germany",Male,US Naval Academy,Engineering,,Lieutenant Commander,US Navy,0,0,0,0,,5/24/86,
Kathryn C. Thornton,1984,10,Retired,8/17/52,"Montgomery, AL",Female,Auburn University; University Of Virginia,Physics,Physics,,,4,975,3,21,"STS-33 (Discovery), STS-49 (Endeavor), STS-61 (Endeavor), STS-73 (Columbia)",,
William E. Thornton,1967,6,Retired,4/14/29,"Faison, NC",Male,University Of North Carolina,Physics,Medicine,,,2,315,0,0,"STS-8 (Challenger), STS 51-B (Challenger)",,
Pierre J. Thuot,1985,11,Retired,5/19/55,"Groton, CT",Male,US Naval Academy; University Of Southern California,Physics,Systems Management,Commander,US Navy,3,654,3,17,"STS-36 (Atlantis), STS-49 (Endeavor), STS-62 (Columbia)",,
Scott D. Tingle,2009,20,Active,7/19/65,"Attleboro, MA",Male,Southeastern Massachusetts University; Purdue University,Mechanical Engineering,Mechanical Engineering,Commander,US Navy,0,0,0,0,,,
Richard H. Truly,1969,7,Retired,11/12/37,"Fayette, MS",Male,Georgia Institute Of Technology,Aeronautical Engineering,,Vice Admiral,US Navy (Retired),2,199,0,0,"STS-2 (Columbia), STS-8 (Challenger)",,
Lodewijk van den Berg,,,Retired,3/24/32,"Sluiskil, Netherlands",Male,Delft University Of Technology; University Of Delaware,Chemical Engineering,Applied Science,,,1,168,0,0,STS 51-B (Challenger),,
James D. van HOften,1978,8,Retired,6/11/44,"Fresno, CA",Male,University Of California-Berkeley; Colorado State University,Civil Engineering,Hydraulic Engineering; Fluid Mechanics,,,2,338,4,22,"STS 41-C (Challenger), STS 51-I (Discovery)",,
Mark T. Vande Hei,2009,20,Active,11/10/66,"Falls Church, VA",Male,Saint John‚Äôs University; Stanford University,Physics,Applied Physics,Colonel,US Army,0,0,0,0,,,
Charles Lacy Veach,1984,10,Deceased,9/18/44,"Chicago, IL",Male,US Air Force Academy,Engineering Management,,,,2,436,0,0,"STS-39 (Discovery), STS-52 (Columbia)",10/3/95,
Terry W. Virts Jr. ,2000,18,Active,12/1/67,"Baltimore, MD",Male,US Air Force Academy; Embry-Riddle Aeronautical University,Mathematics,Aeronautics,Colonel,US Air Force,2,5122,3,18,"STS-130 (Endeavor), ISS-42/43 (Soyuz)",,
James S. Voss,1987,12,Retired,3/3/49,"Cordova, AL",Male,Auburn University; University Of Colorado,Aerospace Engineering,Aerospace Engineering Sciences,Colonel,US Army (Retired),5,4853,4,22,"STS-44 (Atlantis), STS-53 (Discovery), STS-69 (Endeavor), STS-101 (Atlantis), STS-102/105 (Discovery)",,
Janice E. Voss,1990,13,Deceased,10/8/56,"South Bend, IN",Female,Purdue University; Massachusetts Institute Of Technology,Engineering Science,Electrical Engineering; Aeronautics & Astronautics,,,5,1179,0,0,"STS-57 (Endeavor), STS-63 (Discovery), STS-83 (Columbia), STS-94 (Columbia), STS-99 (Endeavor)",2/6/12,
Rex J. Walheim,1996,16,Active,10/10/62,"Redwood, CA",Male,University Of California-Berkeley; University Of Houston,Mechanical Engineering,Industrial Engineering,Colonel,US Air Force (Retired),3,872,5,36,"STS-110 (Atlantis), STS-122 (Atlantis), STS-135 (Atlantis)",,
Charles D. Walker,,,Retired,8/29/48,"Bedford, IN",Male,Purdue University,Aeronautical & Astronautical Engineering,,,,3,477,0,0,"STS 41-D (Discovery), STS 51-D (Discovery), STS 61-B (Atlantis)",,
David M. Walker,1978,8,Deceased,5/20/44,"Columbus, GA",Male,US Naval Academy,Naval Sciences,,Captain,US Navy (Retired),4,724,0,0,"STS 51-A (Discovery), STS-30 (Atlantis), STS-53 (Discovery), STS-69 (Endeavor)",4/23/01,
Shannon Walker,2004,19,Active,6/4/65,"Houston, TX",Female,Rice University,Space Physics,Space Physics,,,1,3919,0,0,ISS-24/25 (Soyuz),,
Carl E. Walz,1990,13,Retired,9/6/55,"Cleveland, OH",Male,Kent State University; John Carroll University,Physics,Solid State Physics,Colonel,US Air Force,4,5533,3,19,"STS-51 (Discovery), STS-65 (Columbia), STS-79 (Atlantis), STS-108/111 (Endeavor)",,
Taylor G. Wang,,,Retired,6/16/40,"Jiangxi, China",Male,University Of California at Los Angeles,Physics,Physics,,,1,168,0,0,STS 51-B (Challenger),,
Mary E. Weber,1992,14,Retired,8/24/62,"Cleveland, OH",Female,Purdue University; University Of California-Berkeley,Chemical Engineering,Physical Chemistry,,,2,450,0,0,"STS-70 (Discovery), STS-101 (Atlantis)",,
Paul J. Weitz,1966,5,Retired,6/25/32,"Erie, PA",Male,Pennsylvania State University; US Naval Postgraduate School,Aeronautical Engineering,Aeronautical Engineering,Captain,US Navy (Retired),2,793,1,2,"Skylab 2, STS-6 (Challenger)",,
James D. Wetherbee,1984,10,Retired,11/27/52,"Flushing, NY",Male,University Of Notre Dame,Aerospace Engineering,,Captain,US Navy (Retired),6,1594,0,0,"STS-32 (Columbia), STS-52 (Columbia), STS-63 (Discovery), STS-86 (Atlantis), STS-102 (Discovery), STS-113 (Endeavor)",,
Douglas H. Wheelock,1998,17,Active,5/5/60,"Binghamton, NY",Male,US Military Academy; Georgia Institute Of Technology,Applied Science & Engineering,Aerospace Engineering,Colonel,US Army,2,4281,6,43,"STS-120 (Discovery), ISS-24/25 (Soyuz)",,
Edward H. White II ,1962,2,Deceased,11/14/30,"San Antonio, TX",Male,US Military Academy; University Of Michigan,,Aeronautical Engineering,Lieutenant Colonel,US Air Force,2,97,1,0.5,"Gemini 4, Apollo 1",1/27/67,Apollo 1
Peggy A. Whitson,1996,16,Active,2/9/60,"Mt. Ayr, IA",Female,Iowa Wesleyan College; Rice University,Chemistry & Biology,Biochemistry,,,3,11698,7,46,"STS-111/113 (Endeavor), ISS-16 (Soyuz), ISS-50/51 (Soyuz)",,
Terrence W. Wilcutt,1990,13,Management,10/31/49,"Russellville, KY",Male,Western Kentucky University,Mathematics,,,,4,1008,0,0,"STS-68 (Endeavor), STS-79 (Atlantis), STS-89 (Endeavor), STS-106 (Atlantis)",,
Clifton C. Williams Jr. ,1963,3,Deceased,9/26/32,"Mobile, AL",Male,Auburn University,Mechanical Engineering,,Major,US Marine Corps,0,0,0,0,,10/5/67,
Donald E. Williams,1978,8,Retired,2/13/58,"Lafayette, IN",Male,Purdue University,Mechanical Engineering,,Captain,US Navy (Retired),2,287,0,0,"STS 51-D (Discovery), STS-34 (Atlantis)",,
Jeffrey N. Williams,1996,16,Active,1/18/58,"Superior, WI",Male,US Military Academy; US Naval Postgraduate School; US Naval War College,Applied Science & Engineering,Aeronautical Engineering; National Security & Strategic Studies,Colonel,US Army (Retired),4,12818,5,32,"STS-101 (Atlantis), ISS-13 (Soyuz), ISS-21/22 (Soyuz), ISS-47/48 (Soyuz)",,
Sunita L. Williams,1998,17,Active,9/19/65,"Euclid, OH",Female,US Naval Academy; Florida Institute Of Technology,Physical Science,Engineering Management,Captain,US Navy,2,7721,7,50,"STS-116/117 (Discovery/Atlantis), ISS-32/33 (Soyuz)",,
Barry E. Wilmore,2000,18,Active,12/29/62,"Murfreesboro, TN",Male,Tennessee Technological University; University Of Tennessee,Electrical Engineering,Electrical Engineering; Aviation Systems,Captain,US Navy,2,4272,4,25,"STS-129 (Atlantis), ISS-41/42 (Soyuz)",,
Stephanie D. Wilson,1996,16,Active,9/27/66,"Boston, MA",Female,Harvard University; University Of Texas,Engineering Science,Aerospace Engineering,,,3,1031,0,0,"STS-121 (Discovery), STS-120 (Discovery), STS-131 (Discovery)",,
G. Reid Wiseman,2009,20,Active,11/11/75,"Baltimore, MD",Male,Rensselaer Polytechnic Institute; Johns Hopkins University,Computer & Systems Engineering,Systems Engineering,Commander,US Navy,1,3968,2,13,ISS-40/41 (Soyuz),,
Peter J. K. WisOff,1990,13,Retired,8/16/58,"Norfolk, VA",Male,University Of Virginia; Stanford University,Physics,Applied Physics,,,4,1064,3,20,"STS-57 (Endeavor), STS-68 (Endeavor), STS-81 (Atlantis), STS-92 (Discovery)",,
David A. Wolf,1990,13,Retired,8/23/56,"Indianapolis, IN",Male,Purdue University; Indiana University,Electrical Engineering,Medicine,,,3,4044,7,41,"STS-58 (Columbia). STS-86/89 (Atlantis/Endeavor), STS-112 (Atlantis), STS-127 (Endeavor)",,
Neil W. Woodward III ,1998,17,Retired,7/26/62,"Chicago, IL",Male,Massachusetts Institute Of Technology; University Of Texas-Austin; George Washington University In St. Louis,Physics,Physics; Business Management,Commander,US Navy,0,0,0,0,,,
Alfred M. Worden,1966,5,Retired,2/7/32,"Jackson, MI",Male,US Military Academy; University Of Michigan,Military Science,Aeronautical & Astronautical Engineering,Colonel,US Air Force (Retired),1,295,1,0.5,Apollo 15,,
John W. Young,1962,2,Retired,9/24/30,"San Francisco, CA",Male,Georgia Institute Of Technology,Aeronautical Engineering,,Captain,US Navy (Retired),6,835,3,20,"Gemini 3, Gemini 10, Apollo 10, Apollo 16, STS-1 (Columbia), STS-9 (Columbia)",,
George D. Zamka,1998,17,Retired,6/29/62,"Jersey City, NJ",Male,US Naval Academy; Florida Institute Of Technology,Mathematics,Engineering Management,Colonel,US Marine Corps (Retired),2,692,0,0,"STS-120 (Discovery), STS-130 (Endeavor)",,